topic_num,topic_label,proportion,doc_id,filename,Title,Author,Article_Type,volume,year,month,corpus,publication,proportion_pct
1,Topic 1: Community Celebrations,0.9142243760304257,3398,Vol1_1914_QC_Report.txt,NA,,Unknown,Vol1,1914,Vol,Relief_Society_Magazine,Relief Society Magazine,91.42
1,Topic 1: Community Celebrations,0.9113214490304078,325,WE_Vol37_1908_Issue7_014_BIRTHDAY_PARTY.txt,Birthday Party,Unknown,Article,Vol37,1908,WE,Womans_Exponent,Woman's Exponent,91.13
1,Topic 1: Community Celebrations,0.8690603791957974,1170,July_Vol5_05_Article_July_Entertainments_Morag.txt,July Entertainments Morag,,Article,Vol5,1918,July,Relief_Society_Magazine,Relief Society Magazine,86.91
1,Topic 1: Community Celebrations,0.8092369958985434,3180,WE_Vol33_1904_Issue9_054_A_PLEASANT_BIRTHDAY.txt,A PLEASANT BIRTHDAY.,Unknown,Article,Vol33,1904,WE,Womans_Exponent,Woman's Exponent,80.92
1,Topic 1: Community Celebrations,0.7903035489821089,2161,December_Vol8_05c_Guide_Lessons_Literature_-_George_Careless_Compositions.txt,Literature - George Careless Compositions,,Guide,Vol8,1921,December,Relief_Society_Magazine,Relief Society Magazine,79.03
1,Topic 1: Community Celebrations,0.7790430981180793,2690,March_Vol5_08_Article_Our_Music_Book.txt,Our Music Book,,Article,Vol5,1918,March,Relief_Society_Magazine,Relief Society Magazine,77.9
1,Topic 1: Community Celebrations,0.7769926550260385,2171,January_Vol9_18c_Guide_Lessons_LESSON_III_Literature_-_George_Careless_Compositions.txt,LESSON III Literature - George Careless Compositions,,Guide,Vol9,1922,January,Relief_Society_Magazine,Relief Society Magazine,77.7
1,Topic 1: Community Celebrations,0.7532753014064557,1485,June_Vol3_04_Article_Granite_Stake_Relief_Society_Cantata.txt,Granite Stake Relief Society Cantata,,Article,Vol3,1916,June,Relief_Society_Magazine,Relief Society Magazine,75.33
1,Topic 1: Community Celebrations,0.710046256840793,1019,WE_Vol38_1909_Issue8_018_EDITORIAL_NOTES.txt,Editorial Notes,WOMAN’S EXPONENT,Editorial,Vol38,1909,WE,Womans_Exponent,Woman's Exponent,71
1,Topic 1: Community Celebrations,0.7019905585029624,1808,March_Vol4_09_Article_Home_Evening_Entertainment_Morag.txt,Home Evening Entertainment Morag,,Article,Vol4,1917,March,Relief_Society_Magazine,Relief Society Magazine,70.2
1,Topic 1: Community Celebrations,0.695793089109468,900,WE_Vol39_1910_Issue7_014_A_DELIGHTFUL_EVENING.txt,A Delightful Evening,Unknown,Article,Vol39,1910,WE,Womans_Exponent,Woman's Exponent,69.58
1,Topic 1: Community Celebrations,0.6956126032779764,2704,July_Vol8_05a_Article_Our_Music_Forces_a_a_a_a_b.txt,Our Music Forces,,Article,Vol8,1921,July,Relief_Society_Magazine,Relief Society Magazine,69.56
1,Topic 1: Community Celebrations,0.6945017816739186,3768,March_Vol5_06_Article_Suggestive_Programs_for_Anniversary_Day_Morag.txt,Suggestive Programs for Anniversary Day Morag,,Article,Vol5,1918,March,Relief_Society_Magazine,Relief Society Magazine,69.45
1,Topic 1: Community Celebrations,0.6849585502501303,313,WE_Vol32_1903_Issue10_017_BIRTHDAY_ANNIVERSARY.txt,Birthday Anniversary,Unknown,Article,Vol32,1903,WE,Womans_Exponent,Woman's Exponent,68.5
1,Topic 1: Community Celebrations,0.6828532003221413,1870,July_Vol9_03_Article_Our_Hymn_Book_Susa_Young_Gates.txt,Our Hymn Book Susa Young Gates,Susa Young Gates,Article,Vol9,1922,July,Relief_Society_Magazine,Relief Society Magazine,68.29
1,Topic 1: Community Celebrations,0.6808465124933154,105,March_Vol8_07_Article_Anniversary_Program_Morag.txt,Anniversary Program Morag,,Article,Vol8,1921,March,Relief_Society_Magazine,Relief Society Magazine,68.08
1,Topic 1: Community Celebrations,0.6677266749551842,1171,June_Vol4_06_Article_June_Entertainments_Morag.txt,June Entertainments Morag,,Article,Vol4,1917,June,Relief_Society_Magazine,Relief Society Magazine,66.77
1,Topic 1: Community Celebrations,0.6662806866314164,3105,September_Vol5_10_Patriotic_Dept_Patriotic_Department_Clarissa_Smith_William.txt,Dept Patriotic Department Clarissa Smith William,,Article,Vol5,1918,September,Relief_Society_Magazine,Relief Society Magazine,66.63
1,Topic 1: Community Celebrations,0.6661612757519739,310,WE_Vol32_1903_Issue2_023_BIRTHDAY_ANNIVERSARY_OF_SISTER.txt,BIRTHDAY ANNIVERSARY OF SISTER,Unknown,Article,Vol32,1903,WE,Womans_Exponent,Woman's Exponent,66.62
1,Topic 1: Community Celebrations,0.6622628035529896,3403,WE_Vol37_1908_Issue6_022_R_S_REPORTS.txt,R. S. REPORTS.,WOMAN’S EXPONENT,Relief Society Report,Vol37,1908,WE,Womans_Exponent,Woman's Exponent,66.23
1,Topic 1: Community Celebrations,0.6595316298505592,3220,WE_Vol34_1905_Issue10_013_A_PRETTY_MAY_DAY_PARTY.txt,A PRETTY MAY DAY PARTY.,Unknown,Article,Vol34,1905,WE,Womans_Exponent,Woman's Exponent,65.95
1,Topic 1: Community Celebrations,0.6529437391182001,1057,WE_Vol37_1908_Issue7_017_EDITORIAL_NOTES.txt,Editorial Notes,Unknown,Editorial,Vol37,1908,WE,Womans_Exponent,Woman's Exponent,65.29
1,Topic 1: Community Celebrations,0.6499862148686176,1241,WE_Vol39_1910_Issue2_024_A_FAVORITE_SONGSTRESS.txt,A Favorite Songstress,Unknown,Article,Vol39,1910,WE,Womans_Exponent,Woman's Exponent,65
1,Topic 1: Community Celebrations,0.6448577606167147,3580,WE_Vol40_1911_Issue7_013_MRS_SARAH_K_BRIDGE_HONORED.txt,MRS. SARAH K. BRIDGE HONORED.,WOMAN’S EXPONENT,Article,Vol40,1911,WE,Womans_Exponent,Woman's Exponent,64.49
1,Topic 1: Community Celebrations,0.6413260781153283,2165,March_Vol8_11c_Guide_Lessons_Literature_-_Emmeline_B_Wells_Poems.txt,Literature - Emmeline B Wells Poems,,Guide,Vol8,1921,March,Relief_Society_Magazine,Relief Society Magazine,64.13
2,Topic 2: Gospel Doctrine & Spiritual Kingdom,0.9870429451761183,509,March_Vol2_17a_Guide_Lessons_Theology_and_Testimony_-_Lesson_II_Repentance.txt,Theology and Testimony - Lesson II Repentance,,Guide,Vol2,1915,March,Relief_Society_Magazine,Relief Society Magazine,98.7
2,Topic 2: Gospel Doctrine & Spiritual Kingdom,0.9795874495638134,1472,December_Vol5_04_Article_Salvation_for_the_Living_and_the_Dead_Joseph_F._Smith.txt,Salvation for the Living and the Dead Joseph F. Smith,,Article,Vol5,1918,December,Relief_Society_Magazine,Relief Society Magazine,97.96
2,Topic 2: Gospel Doctrine & Spiritual Kingdom,0.9737131458409728,1448,December_Vol5_16_Art_We_Are_All_God_S.txt,We Are All God's Children Grace Ingles Frost,,Article,Vol5,1918,December,Relief_Society_Magazine,Relief Society Magazine,97.37
2,Topic 2: Gospel Doctrine & Spiritual Kingdom,0.9638360605978584,1093,January_Vol7_02_Article_Edna_May_Davis.txt,Edna May Davis,,Article,Vol7,1920,January,Relief_Society_Magazine,Relief Society Magazine,96.38
2,Topic 2: Gospel Doctrine & Spiritual Kingdom,0.9528908007304016,4012,January_Vol6_06_Vision_of_the_Redemption_of_the_Dead.txt,of the Redemption of the Dead,Joseph F. Smith,Article,Vol6,1919,January,Relief_Society_Magazine,Relief Society Magazine,95.29
2,Topic 2: Gospel Doctrine & Spiritual Kingdom,0.9430967339326212,332,WE_Vol37_1908_Issue2_006_A_BLESSING_PENNED_LONG_AGO.txt,A BLESSING PENNED LONG AGO.,Unknown,Article,Vol37,1908,WE,Womans_Exponent,Woman's Exponent,94.31
2,Topic 2: Gospel Doctrine & Spiritual Kingdom,0.9351436719978142,1488,October_Vol10_05a_Article_President_Grants_Dedicatory_Prayer.txt,President Grants Dedicatory Prayer,,Article,Vol10,1923,October,Relief_Society_Magazine,Relief Society Magazine,93.51
2,Topic 2: Gospel Doctrine & Spiritual Kingdom,0.9319782870153877,1225,June_Vol5_14_Article_Apostle_Richard_R._Lyman_and_Family.txt,Apostle Richard R. Lyman and Family,,Article,Vol5,1918,June,Relief_Society_Magazine,Relief Society Magazine,93.2
2,Topic 2: Gospel Doctrine & Spiritual Kingdom,0.9170109785890549,3577,December_Vol5_03b_Article_Salvation_for_the_Living_and_the_Dead.txt,Salvation for the Living and the Dead,Joseph F. Smith,Article,Vol5,1918,December,Relief_Society_Magazine,Relief Society Magazine,91.7
2,Topic 2: Gospel Doctrine & Spiritual Kingdom,0.9117293975589469,2992,"July_Vol4_06_Article_Object,_Origin_and_Destiny_of_Women_Prest._John_Taylor.txt","Object, Origin and Destiny of Women Prest. John Taylor",,Article,Vol4,1917,July,Relief_Society_Magazine,Relief Society Magazine,91.17
2,Topic 2: Gospel Doctrine & Spiritual Kingdom,0.9103559581103228,3754,WE_Vol33_1904_Issue3_007_A_STRONG_TESTIMONY.txt,A STRONG TESTIMONY.,"SARAH B. LAYTON,",Article,Vol33,1904,WE,Womans_Exponent,Woman's Exponent,91.04
2,Topic 2: Gospel Doctrine & Spiritual Kingdom,0.9058541344943423,1554,December_Vol10_07b_Guide_Lessons_Guide_Lessons_for_February_a_a.txt,Guide Lessons for February,,Guide,Vol10,1923,December,Relief_Society_Magazine,Relief Society Magazine,90.59
2,Topic 2: Gospel Doctrine & Spiritual Kingdom,0.899511621011377,3070,"November_Vol8_04_Article_Origin,_Object_and_Destiny_of_Women.txt","Origin, Object and Destiny of Women",,Article,Vol8,1921,November,Relief_Society_Magazine,Relief Society Magazine,89.95
2,Topic 2: Gospel Doctrine & Spiritual Kingdom,0.8934252122841447,1261,January_Vol10_18b_Guide_Lessons_Work_and_Business.txt,Work and Business,,Guide,Vol10,1923,January,Relief_Society_Magazine,Relief Society Magazine,89.34
2,Topic 2: Gospel Doctrine & Spiritual Kingdom,0.8879652051253946,3206,February_Vol9_09_Poem_A_Prayer_of_Gratitude_Matilda_K._Galloway.txt,A Prayer of Gratitude Matilda K. Galloway,,Article,Vol9,1922,February,Relief_Society_Magazine,Relief Society Magazine,88.8
2,Topic 2: Gospel Doctrine & Spiritual Kingdom,0.8840629002730235,2050,October_Vol4_01_Poem_I_Ought_to_Know_Annie_D._Palmer.txt,I Ought to Know Annie D. Palmer,Annie D. Palmer,Article,Vol4,1917,October,Relief_Society_Magazine,Relief Society Magazine,88.41
2,Topic 2: Gospel Doctrine & Spiritual Kingdom,0.8792354048490819,1556,October_Vol10_14b_Guide_Lessons_Guide_Lessons_for_December_-_Lesson_I_-_Theology_Lesson_-_Th.txt,Guide Lessons for December - Lesson I - Theology Lesson - Th,,Guide,Vol10,1923,October,Relief_Society_Magazine,Relief Society Magazine,87.92
2,Topic 2: Gospel Doctrine & Spiritual Kingdom,0.8768905243827224,2993,September_Vol6_06b_Article_Objections_to_Temple_Work.txt,Objections to Temple Work,,Article,Vol6,1919,September,Relief_Society_Magazine,Relief Society Magazine,87.69
2,Topic 2: Gospel Doctrine & Spiritual Kingdom,0.876446551212872,1553,December_Vol10_07b_Guide_Lessons_Guide_Lessons_for_February_b.txt,Guide Lessons for February,,Guide,Vol10,1923,December,Relief_Society_Magazine,Relief Society Magazine,87.64
2,Topic 2: Gospel Doctrine & Spiritual Kingdom,0.8711300653773985,1619,April_Vol2_10a_Guide_Lessons_Guide_Lessons_-_Theology_and_Testimony_Baptism.txt,Guide Lessons - Theology and Testimony Baptism,,Guide,Vol2,1915,April,Relief_Society_Magazine,Relief Society Magazine,87.11
2,Topic 2: Gospel Doctrine & Spiritual Kingdom,0.8648292076556447,1567,July_Vol10_08e_Guide_Lessons_Guide_Lessons_for_September_a.txt,Guide Lessons for September,,Guide,Vol10,1923,July,Relief_Society_Magazine,Relief Society Magazine,86.48
2,Topic 2: Gospel Doctrine & Spiritual Kingdom,0.8631047025602576,1587,September_Vol9_14a_Guide_Lessons_LESSON_I_-_Theology_and_Testimony_-_MIRACLESPART_IITHE_MIRAC.txt,LESSON I - Theology and Testimony - MIRACLESPART IITHE MIRAC,,Guide,Vol9,1922,September,Relief_Society_Magazine,Relief Society Magazine,86.31
2,Topic 2: Gospel Doctrine & Spiritual Kingdom,0.8604797318646882,1568,July_Vol10_11a_Guide_Lessons_Guide_Lessons_for_September_c_c_c_c_a.txt,Guide Lessons for September,,Guide,Vol10,1923,July,Relief_Society_Magazine,Relief Society Magazine,86.05
2,Topic 2: Gospel Doctrine & Spiritual Kingdom,0.8593026540230034,1707,October_Vol10_04_Article_President_Heber_J._Grant_(Portrait).txt,President Heber J. Grant (Portrait),,Article,Vol10,1923,October,Relief_Society_Magazine,Relief Society Magazine,85.93
2,Topic 2: Gospel Doctrine & Spiritual Kingdom,0.857702892052256,81,WE_Vol33_1904_Issue11_022_ANN_T_WALKER.txt,ANN T. WALKER.,"ANN T. WALKER,",Article,Vol33,1904,WE,Womans_Exponent,Woman's Exponent,85.77
3,Topic 3: Education,0.9742674646149935,793,July_Vol3_08_Article_Crochet_Centerpiece_Isabel_Whitney_Sears.txt,Crochet Centerpiece Isabel Whitney Sears,,Article,Vol3,1916,July,Relief_Society_Magazine,Relief Society Magazine,97.43
3,Topic 3: Education,0.9291022054208014,795,May_Vol3_09_Article_Crocheted_Yoke_Isabel_Whitney_Sears.txt,Crocheted Yoke Isabel Whitney Sears,,Article,Vol3,1916,May,Relief_Society_Magazine,Relief Society Magazine,92.91
3,Topic 3: Education,0.9122566204287993,2996,WE_Vol33_1904_Issue2_037_OBSTETRICS.txt,OBSTETRICS,Unknown,Article,Vol33,1904,WE,Womans_Exponent,Woman's Exponent,91.23
3,Topic 3: Education,0.9116642730982609,2995,WE_Vol33_1904_Issue3_025_OBSTETRICS.txt,OBSTETRICS,Unknown,Article,Vol33,1904,WE,Womans_Exponent,Woman's Exponent,91.17
3,Topic 3: Education,0.886411201512811,479,WE_Vol33_1904_Issue3_029_CLASS_IN_MIDWIFERY.txt,CLASS IN MIDWIFERY,Unknown,Article,Vol33,1904,WE,Womans_Exponent,Woman's Exponent,88.64
3,Topic 3: Education,0.8811934015092268,477,WE_Vol32_1903_Issue8_026_CLASS_IN_MIDWIFERY.txt,CLASS IN MIDWIFERY,Unknown,Article,Vol32,1903,WE,Womans_Exponent,Woman's Exponent,88.12
3,Topic 3: Education,0.8758159792913103,2999,WE_Vol38_1909_Issue2_021_OBSTETRIC_SCHOOL.txt,OBSTETRIC SCHOOL.,DR. MARGARET C. ROBERTS,Article,Vol38,1909,WE,Womans_Exponent,Woman's Exponent,87.58
3,Topic 3: Education,0.8736443620368987,2952,WE_Vol32_1903_Issue11_024_AND_NURSING.txt,AND NURSING.,Unknown,Article,Vol32,1903,WE,Womans_Exponent,Woman's Exponent,87.36
3,Topic 3: Education,0.8681368250523742,2951,WE_Vol33_1904_Issue1_036_AND_NURSING.txt,AND NURSING.,Unknown,Article,Vol33,1904,WE,Womans_Exponent,Woman's Exponent,86.81
3,Topic 3: Education,0.8436126095511771,42,WE_Vol40_1911_Issue2_015_MISS_ALICE_LOUISE_REYNOLDS.txt,Miss Alice Louise Reynolds,Unknown,Article,Vol40,1911,WE,Womans_Exponent,Woman's Exponent,84.36
3,Topic 3: Education,0.8395374936881849,2994,WE_Vol33_1904_Issue1_033_OBSTETRICS.txt,OBSTETRICS,Unknown,Article,Vol33,1904,WE,Womans_Exponent,Woman's Exponent,83.95
3,Topic 3: Education,0.8382050233246465,2275,V1_1914_Nov_05_Lit_Literature.txt,Literature,,Literature,Vol1,1914,November,Relief_Society_Magazine,Relief Society Magazine,83.82
3,Topic 3: Education,0.8332315748950154,794,August_Vol3_07_Article_Crochet_Nut_Basket_Isabel_W._Sears.txt,Crochet Nut Basket Isabel W. Sears,Basket Isabel W. Sears,Article,Vol3,1916,August,Relief_Society_Magazine,Relief Society Magazine,83.32
3,Topic 3: Education,0.8286958871797392,398,WE_Vol33_1904_Issue6_014_MRS_CANDLAND.txt,MRS. CANDLAND.,WOMAN’S EXPONENT,Article,Vol33,1904,WE,Womans_Exponent,Woman's Exponent,82.87
3,Topic 3: Education,0.8175972346559734,2997,WE_Vol40_1911_Issue1_029_OBSTETRICS.txt,OBSTETRICS,WOMAN’S EXPONENT,Article,Vol40,1911,WE,Womans_Exponent,Woman's Exponent,81.76
3,Topic 3: Education,0.8113586304175808,3558,WE_Vol39_1910_Issue1_027_DR_ROBERTS_SCHOOL_OF_NURSING.txt,DR ROBERTS’ SCHOOL OF NURSING,"MARGARET C. ROBERTS, M. D.,",Article,Vol39,1910,WE,Womans_Exponent,Woman's Exponent,81.14
3,Topic 3: Education,0.8050770269668321,2399,November_Vol8_02_Article_My_Dixie_Home_President_A._W._Ivins.txt,My Dixie Home President A. W. Ivins,,Article,Vol8,1921,November,Relief_Society_Magazine,Relief Society Magazine,80.51
3,Topic 3: Education,0.7908778289889996,1123,WE_Vol35_1906_Issue5_028_DR_ELLIS_R_SHIPP.txt,DR. ELLIS R. SHIPP,Unknown,Article,Vol35,1906,WE,Womans_Exponent,Woman's Exponent,79.09
3,Topic 3: Education,0.7799066963135328,954,WE_Vol40_1911_Issue1b_011_EARLY_PIONEER_EDUCATION.txt,EARLY PIONEER EDUCATION.,Unknown,Article,Vol40,1911,WE,Womans_Exponent,Woman's Exponent,77.99
3,Topic 3: Education,0.7791071061482964,167,WE_Vol32_1903_Issue1_034_ART_NOTES.txt,ART NOTES.,Unknown,Article,Vol32,1903,WE,Womans_Exponent,Woman's Exponent,77.91
3,Topic 3: Education,0.7672043076185083,3899,WE_Vol41_1912_Issue1_004_THE_TRAINING_SCHOOL_FOR_NURSES.txt,The Training School for Nurses,Unknown,Article,Vol41,1912,WE,Womans_Exponent,Woman's Exponent,76.72
3,Topic 3: Education,0.7636033674003817,3347,WE_Vol38_1909_Issue9_006_A_REMARKABLE_WOMAN.txt,A REMARKABLE WOMAN.,Unknown,Article,Vol38,1909,WE,Womans_Exponent,Woman's Exponent,76.36
3,Topic 3: Education,0.7522354068894436,165,October_Vol2_09d_Art_Art_-_Utah_Artists.txt,Art - Utah Artists,,Article,Vol2,1915,October,Relief_Society_Magazine,Relief Society Magazine,75.22
3,Topic 3: Education,0.7442308119597317,908,March_Vol8_11b_Guide_Lessons_Work_and_Business.txt,Work and Business,,Guide,Vol8,1921,March,Relief_Society_Magazine,Relief Society Magazine,74.42
3,Topic 3: Education,0.736600784138366,482,WE_Vol37_1908_Issue1_022_CLASS_IN_OBSTETRICS.txt,CLASS IN OBSTETRICS.,Unknown,Article,Vol37,1908,WE,Womans_Exponent,Woman's Exponent,73.66
4,Topic 4: Home-Making and Recipes,0.9962830921179824,571,June_Vol5_11_Article_Conservation_Pointers.txt,Conservation Pointers,,Article,Vol5,1918,June,Relief_Society_Magazine,Relief Society Magazine,99.63
4,Topic 4: Home-Making and Recipes,0.994571478680247,1946,May_Vol10_11_Of_Interest_Of_Interest_to_Women_Lalene_H._Hart.txt,Of Interest to Women Lalene H. Hart,Lalene H. Hart,Home,Vol10,1923,May,Relief_Society_Magazine,Relief Society Magazine,99.46
4,Topic 4: Home-Making and Recipes,0.9942333615231406,1948,August_Vol10_06_Of_Interest_Of_Interest_to_Women_Lalene_H._Hart.txt,Of Interest to Women Lalene H. Hart,Lalene H. Hart,Home,Vol10,1923,August,Relief_Society_Magazine,Relief Society Magazine,99.42
4,Topic 4: Home-Making and Recipes,0.9942191228974596,3774,August_Vol9_10_Article_Summer_Menus_Jeanette_A._Hyde.txt,Summer Menus Jeanette A. Hyde,,Article,Vol9,1922,August,Relief_Society_Magazine,Relief Society Magazine,99.42
4,Topic 4: Home-Making and Recipes,0.9939698018523029,2048,October_Vol2_03b_Home_Science_In_the_Kitchen_Laboratory.txt,In the Kitchen Laboratory,,Home,Vol2,1915,October,Relief_Society_Magazine,Relief Society Magazine,99.4
4,Topic 4: Home-Making and Recipes,0.9929156525009798,1329,April_Vol2_Misc.txt,April Vol2 Misc,,Misc,Vol2,1915,April,Relief_Society_Magazine,Relief Society Magazine,99.29
4,Topic 4: Home-Making and Recipes,0.9922388627602087,1849,March_Vol9_11_Article_Hotel_Utah_Food_Combinations_Louis_J._Theu.txt,Hotel Utah Food Combinations Louis J. Theu,Combinations Louis J. Theu,Article,Vol9,1922,March,Relief_Society_Magazine,Relief Society Magazine,99.22
4,Topic 4: Home-Making and Recipes,0.99146053890744,1763,January_Vol4_11_Home_Science_Home_Science_Department_Janette_A._Hyde.txt,Home Science Department Janette A. Hyde,Janette A. Hyde,Home,Vol4,1917,January,Relief_Society_Magazine,Relief Society Magazine,99.15
4,Topic 4: Home-Making and Recipes,0.9902003953555765,1855,August_Vol7_11_Article_Household_Hints_Janette_A._Hyde.txt,Household Hints Janette A. Hyde,Janette A. Hyde,Article,Vol7,1920,August,Relief_Society_Magazine,Relief Society Magazine,99.02
4,Topic 4: Home-Making and Recipes,0.9891486159331353,3714,April_Vol9_Misc_front_matter.txt,matter,,Article,Vol9,1922,April,Relief_Society_Magazine,Relief Society Magazine,98.91
4,Topic 4: Home-Making and Recipes,0.9879849627516625,2359,July_Vol4_09_Article_How_to_Make_a_Homemade_Fireless_Cooker.txt,How to Make a Homemade Fireless Cooker,,Article,Vol4,1917,July,Relief_Society_Magazine,Relief Society Magazine,98.8
4,Topic 4: Home-Making and Recipes,0.9869054691476972,1848,August_Vol9_12_Article_Hotel_Utah_Food_Combinations_Louis_J._Theu.txt,Hotel Utah Food Combinations Louis J. Theu,Combinations Louis J. Theu,Article,Vol9,1922,August,Relief_Society_Magazine,Relief Society Magazine,98.69
4,Topic 4: Home-Making and Recipes,0.9860353093492764,1272,March_Vol9_Misc_front_matter.txt,matter,,Article,Vol9,1922,March,Relief_Society_Magazine,Relief Society Magazine,98.6
4,Topic 4: Home-Making and Recipes,0.9844822144228343,1899,V1_1914_Oct_08_Notice_Notices.txt,Notices,,Article,Vol1,1914,October,Relief_Society_Magazine,Relief Society Magazine,98.45
4,Topic 4: Home-Making and Recipes,0.9837807163455289,1268,June_Vol1_99_ADVERTISERS.txt,June Vol1 99 ADVERTISERS,,Article,Vol9,1922,June,Relief_Society_Magazine,Relief Society Magazine,98.38
4,Topic 4: Home-Making and Recipes,0.9823379218692071,1909,December_Vol7_09_Article_Index-Vol._VII.txt,Index—Vol. VII,,Article,Vol7,1920,December,Relief_Society_Magazine,Relief Society Magazine,98.23
4,Topic 4: Home-Making and Recipes,0.9810217543770995,920,June_Vol1_01_ADVERTISERS_DIRECTORY.txt,DIRECTORY,,Article,Vol9,1922,June,Relief_Society_Magazine,Relief Society Magazine,98.1
4,Topic 4: Home-Making and Recipes,0.9807383073920016,3480,August_Vol9_Misc_front_matter.txt,matter,Menus Jeanette A. Hyde,Article,Vol9,1922,August,Relief_Society_Magazine,Relief Society Magazine,98.07
4,Topic 4: Home-Making and Recipes,0.979950349378412,1857,WE_Vol41_1912_Issue3_026_HOUSEHOLD_HINTS.txt,Household Hints,WOMAN’S EXPONENT,Article,Vol41,1912,WE,Womans_Exponent,Woman's Exponent,98
4,Topic 4: Home-Making and Recipes,0.9789253565781023,583,November_Vol6_09_Construction_and_Reconstruction_in_the_Home.txt,and Reconstruction in the Home,,Article,Vol6,1919,November,Relief_Society_Magazine,Relief Society Magazine,97.89
4,Topic 4: Home-Making and Recipes,0.9789122541566001,1089,April_Vol9_02_Editorial_Editorial_The_Work_of_the_Millennium.txt,Editorial The Work of the Millennium,,Editorial,Vol9,1922,April,Relief_Society_Magazine,Relief Society Magazine,97.89
4,Topic 4: Home-Making and Recipes,0.9786560375391989,1905,V1_1914_Nov_08_Notice_Notices.txt,Notices,,Article,Vol1,1914,November,Relief_Society_Magazine,Relief Society Magazine,97.87
4,Topic 4: Home-Making and Recipes,0.978097647154131,1853,WE_Vol40_1911_Issue4_024_HOUSEHOLD_HINTS.txt,Household Hints,Unknown,Article,Vol40,1911,WE,Womans_Exponent,Woman's Exponent,97.81
4,Topic 4: Home-Making and Recipes,0.9774055758892025,1875,July_Vol4_10_Article_The_Iceless_Refrigerator.txt,The Iceless Refrigerator,,Article,Vol4,1917,July,Relief_Society_Magazine,Relief Society Magazine,97.74
4,Topic 4: Home-Making and Recipes,0.9754134194805572,918,V1_1914_May_00_Misc.txt,V1 1914 May 00 Misc,,Misc,Vol1,1914,May,Relief_Society_Magazine,Relief Society Magazine,97.54
5,Topic 5: Genealogy,0.9917440695138132,2146,January_Vol6_20c_Genealogy_LESSON_III_Genealogy_SCOTCH_AND_IRISH_SURNAMES.txt,LESSON III Genealogy SCOTCH AND IRISH SURNAMES,,Genealogy,Vol6,1919,January,Relief_Society_Magazine,Relief Society Magazine,99.17
5,Topic 5: Genealogy,0.9915567764544218,2211,February_Vol5_16c_Guide_Lessons_Lesson_III_-_Genealogy_and_Literature_-_Descendants_and_Trib.txt,Lesson III - Genealogy and Literature - Descendants and Trib,,Guide,Vol5,1918,February,Relief_Society_Magazine,Relief Society Magazine,99.16
5,Topic 5: Genealogy,0.9902821725638515,1726,March_Vol5_18c_Genealogy_Guide_Lessons_-_Lesson_III_Genealogy_-_History_Beginnings_in_b_b.txt,Guide Lessons - Lesson III Genealogy - History Beginnings in,,Genealogy,Vol5,1918,March,Relief_Society_Magazine,Relief Society Magazine,99.03
5,Topic 5: Genealogy,0.9902130732938026,2114,October_Vol5_13c_Guide_Lessons_LESSON_III_Genealogy_ADDED_OR_SURNAMES_THEIR_ORIGIN.txt,LESSON III Genealogy ADDED OR SURNAMES THEIR ORIGIN,,Guide,Vol5,1918,October,Relief_Society_Magazine,Relief Society Magazine,99.02
5,Topic 5: Genealogy,0.9869928038019572,1551,August_Vol6_06d_Genealogy_Guide_Lessons_-_Lesson_III_Genealogy_-_Welsh_Surnames_a_a.txt,Guide Lessons - Lesson III Genealogy - Welsh Surnames,,Genealogy,Vol6,1919,August,Relief_Society_Magazine,Relief Society Magazine,98.7
5,Topic 5: Genealogy,0.9853254878715693,2113,April_Vol5_16c_Genealogy_Where_the_Races_Settled_in_Europe.txt,Where the Races Settled in Europe,,Genealogy,Vol5,1918,April,Relief_Society_Magazine,Relief Society Magazine,98.53
5,Topic 5: Genealogy,0.9846496900165072,2145,October_Vol6_20d_Guide_Lessons_Lesson_III_-_Genealogy_-_Scandinavian_Surnames.txt,Lesson III - Genealogy - Scandinavian Surnames,,Guide,Vol6,1919,October,Relief_Society_Magazine,Relief Society Magazine,98.46
5,Topic 5: Genealogy,0.9839274549720467,2174,December_Vol5_15d_Genealogy_Lesson_III_-_How_a_Great_English_Battle_Started_Surnames_in.txt,Lesson III - How a Great English Battle Started Surnames in,,Genealogy,Vol5,1918,December,Relief_Society_Magazine,Relief Society Magazine,98.39
5,Topic 5: Genealogy,0.9825671955582334,2143,November_Vol6_12c_Genealogy_LESSON_III_Genealogy_ORIENTAL_PAGAN_SURNAMES.txt,LESSON III Genealogy ORIENTAL PAGAN SURNAMES,,Genealogy,Vol6,1919,November,Relief_Society_Magazine,Relief Society Magazine,98.26
5,Topic 5: Genealogy,0.9814110782955966,3308,December_Vol4_09c_Genealogy_Race_History_-_Disobedient_Races_Descended_from_Shem.txt,Race History - Disobedient Races Descended from Shem,,Genealogy,Vol4,1917,December,Relief_Society_Magazine,Relief Society Magazine,98.14
5,Topic 5: Genealogy,0.9801177145637989,2147,May_Vol6_15d_Genealogy_Lesson_III_Genealogy_-_Surnames_Derived_from_Trades_and_Occu.txt,Lesson III Genealogy - Surnames Derived from Trades and Occu,,Genealogy,Vol6,1919,May,Relief_Society_Magazine,Relief Society Magazine,98.01
5,Topic 5: Genealogy,0.9774951994673852,3213,May_Vol4_11c_Genealogy_Lesson_III_-_Genealogy_-_Prefixes_and_Suffixes_Compound_Surn.txt,Lesson III - Genealogy - Prefixes and Suffixes Compound Surn,,Genealogy,Vol4,1917,May,Relief_Society_Magazine,Relief Society Magazine,97.75
5,Topic 5: Genealogy,0.9770301777158865,1550,February_Vol6_17d_Genealogy_Guide_Lessons_-_Lesson_III_-_Genealogy.txt,Guide Lessons - Lesson III - Genealogy,,Genealogy,Vol6,1919,February,Relief_Society_Magazine,Relief Society Magazine,97.7
5,Topic 5: Genealogy,0.9728518189870082,1549,September_Vol6_16c_Guide_Lessons_Guide_Lessons_-_Lesson_III_Genealogy_-_French_Surnames.txt,Guide Lessons - Lesson III Genealogy - French Surnames,,Guide,Vol6,1919,September,Relief_Society_Magazine,Relief Society Magazine,97.29
5,Topic 5: Genealogy,0.9696239069288447,1561,December_Vol4_16b_Guide_Lessons_Guide_Lessons_a_a_a_a_a.txt,Guide Lessons,,Guide,Vol4,1917,December,Relief_Society_Magazine,Relief Society Magazine,96.96
5,Topic 5: Genealogy,0.9529406018695401,2212,October_Vol5_13b_Guide_Lessons_LESSON_II_Work_and_Business.txt,LESSON II Work and Business,,Guide,Vol5,1918,October,Relief_Society_Magazine,Relief Society Magazine,95.29
5,Topic 5: Genealogy,0.9446513663341498,2139,February_Vol5_14c_Guide_Lessons_Guide_Lessons_-_Lesson_III_Genealogy_and_Literature_-_Japhet.txt,Guide Lessons - Lesson III Genealogy and Literature - Japhet,,Guide,Vol5,1918,February,Relief_Society_Magazine,Relief Society Magazine,94.47
5,Topic 5: Genealogy,0.9375130636056818,381,March_Vol4_14c_Guide_Lessons_Guide_Lessons_-_Lesson_III_Genealogy_and_Literature_a.txt,Guide Lessons - Lesson III Genealogy and Literature,,Guide,Vol4,1917,March,Relief_Society_Magazine,Relief Society Magazine,93.75
5,Topic 5: Genealogy,0.9252843208048648,2142,November_Vol4_11e_Guide_Lessons_Guide_Lessons_-_Lesson_III_Genealogy_and_Literature_b.txt,Guide Lessons - Lesson III Genealogy and Literature,,Guide,Vol4,1917,November,Relief_Society_Magazine,Relief Society Magazine,92.53
5,Topic 5: Genealogy,0.9200131056153247,2148,March_Vol6_14c_Guide_Lessons_LESSON_III_Genealogy_Third_Week_in_April_PEOPLE_SURNAMED_THE.txt,LESSON III Genealogy Third Week in April PEOPLE SURNAMED THE,,Guide,Vol6,1919,March,Relief_Society_Magazine,Relief Society Magazine,92
5,Topic 5: Genealogy,0.9048926676399341,2213,August_Vol4_17b_Guide_Lessons_Lesson_II_Work_and_Business.txt,Lesson II Work and Business,,Guide,Vol4,1917,August,Relief_Society_Magazine,Relief Society Magazine,90.49
5,Topic 5: Genealogy,0.8565600113842142,1654,August_Vol6_06d_Genealogy_Guide_Lessons_-_Lesson_III_Genealogy_-_Welsh_Surnames_b.txt,Guide Lessons - Lesson III Genealogy - Welsh Surnames,,Genealogy,Vol6,1919,August,Relief_Society_Magazine,Relief Society Magazine,85.66
5,Topic 5: Genealogy,0.851766937763612,1412,V1_1914_Jun_02_Gen_Genealogy.txt,Genealogy,,Genealogy,Vol1,1914,June,Relief_Society_Magazine,Relief Society Magazine,85.18
5,Topic 5: Genealogy,0.8513796028802556,2110,November_Vol7_10d_Guide_Lessons_Guide_Lesson_Suggestions_-_Lesson_III_Book_of_Mormon_Optiona.txt,Guide Lesson Suggestions - Lesson III Book of Mormon Optiona,,Guide,Vol7,1920,November,Relief_Society_Magazine,Relief Society Magazine,85.14
5,Topic 5: Genealogy,0.8442230357604387,1575,September_Vol5_14a_Guide_Lessons_LESSON_I_THEOLOGY_AND_TESTIMONY_-_THE_LEARNING_OF_THE_PEOPLE_a_a_a_a.txt,LESSON I THEOLOGY AND TESTIMONY - THE LEARNING OF THE PEOPLE,,Guide,Vol5,1918,September,Relief_Society_Magazine,Relief Society Magazine,84.42
6,Topic 6: Moral Education & Character Development,0.9835605318708316,2187,December_Vol8_05d_Guide_Lessons_Social_Service_-_Leadership_in_the_Home.txt,Social Service - Leadership in the Home,,Guide,Vol8,1921,December,Relief_Society_Magazine,Relief Society Magazine,98.36
6,Topic 6: Moral Education & Character Development,0.9783483153340513,3691,December_Vol10_07b_Guide_Lessons_Guide_Lessons_for_February_d.txt,Guide Lessons for February,,Guide,Vol10,1923,December,Relief_Society_Magazine,Relief Society Magazine,97.83
6,Topic 6: Moral Education & Character Development,0.9635173506596268,1235,October_Vol9_17b_Guide_Lessons_LESSON_II_-_Work_and_Business.txt,LESSON II - Work and Business,,Guide,Vol9,1922,October,Relief_Society_Magazine,Relief Society Magazine,96.35
6,Topic 6: Moral Education & Character Development,0.9622475438366122,1432,June_Vol6_19_Germs_and_Disease_Dr._Martin_P._Henderson_3^3.txt,and Disease Dr. Martin P. Henderson 3^3,"Miss Edna Coray, Organist",Article,Vol6,1919,June,Relief_Society_Magazine,Relief Society Magazine,96.22
6,Topic 6: Moral Education & Character Development,0.9595630104395132,1691,July_Vol2_11_Article_Good_Health_-_Maud_Baggarley.txt,Good Health — Maud Baggarley,Maud Baggarley,Article,Vol2,1915,July,Relief_Society_Magazine,Relief Society Magazine,95.96
6,Topic 6: Moral Education & Character Development,0.9590562947960803,1781,December_Vol3_10c_Guide_Lessons_Home_Economics_Course_Outline.txt,Home Economics Course Outline,,Guide,Vol3,1916,December,Relief_Society_Magazine,Relief Society Magazine,95.91
6,Topic 6: Moral Education & Character Development,0.9530191456008753,1639,February_Vol7_09e_Guide_Lessons_Guide_Lessons_b.txt,Guide Lessons,,Guide,Vol7,1920,February,Relief_Society_Magazine,Relief Society Magazine,95.3
6,Topic 6: Moral Education & Character Development,0.9501851207213196,1696,V1_1914_Aug_03_Art_Lesson_II.txt,Lesson II,,Article,Vol1,1914,August,Relief_Society_Magazine,Relief Society Magazine,95.02
6,Topic 6: Moral Education & Character Development,0.9496523923108935,2190,July_Vol9_12d_Guide_Lessons_Guide_Lessons_for_September_-_Lesson_VII_Social_Service_-_Mo.txt,Guide Lessons for September - Lesson VII Social Service - Mo,,Guide,Vol9,1922,July,Relief_Society_Magazine,Relief Society Magazine,94.97
6,Topic 6: Moral Education & Character Development,0.9466169964114461,3803,November_Vol10_19_Guide_Lessons_Teachers_Topic_for_January.txt,Teachers Topic for January,,Guide,Vol10,1923,November,Relief_Society_Magazine,Relief Society Magazine,94.66
6,Topic 6: Moral Education & Character Development,0.9409943081234872,1633,July_Vol2_15_Guide_Lessons_Guide_Lessons.txt,Guide Lessons,,Guide,Vol2,1915,July,Relief_Society_Magazine,Relief Society Magazine,94.1
6,Topic 6: Moral Education & Character Development,0.9391878859353427,1505,June_Vol6_17b_Editorial_Editorial_Reconstruction.txt,Editorial Reconstruction,,Editorial,Vol6,1919,June,Relief_Society_Magazine,Relief Society Magazine,93.92
6,Topic 6: Moral Education & Character Development,0.9378756890912386,2181,August_Vol9_17d_Guide_Lessons_Guide_Lessons_for_October_-_Lesson_IV_-_Social_Service_-_The.txt,Guide Lessons for October - Lesson IV - Social Service - The,,Guide,Vol9,1922,August,Relief_Society_Magazine,Relief Society Magazine,93.79
6,Topic 6: Moral Education & Character Development,0.9339653426836576,2180,February_Vol9_17d_Guide_Lessons_Guide_Lessons_for_April_-_Lesson_IV_-_Social_Service_d_d_d_a_a.txt,Guide Lessons for April - Lesson IV - Social Service,,Guide,Vol9,1922,February,Relief_Society_Magazine,Relief Society Magazine,93.4
6,Topic 6: Moral Education & Character Development,0.9309718812476544,1749,September_Vol6_16b_Guide_Lessons_Guide_Lessons_-_Lesson_II_Work_and_Business.txt,Guide Lessons - Lesson II Work and Business,,Guide,Vol6,1919,September,Relief_Society_Magazine,Relief Society Magazine,93.1
6,Topic 6: Moral Education & Character Development,0.9296170577361627,1694,V1_1914_Aug_04_Art_Lesson_III.txt,Lesson III,,Article,Vol1,1914,August,Relief_Society_Magazine,Relief Society Magazine,92.96
6,Topic 6: Moral Education & Character Development,0.9283484830662032,2192,January_Vol9_18d_Guide_Lessons_LESSON_IV_Social_Service_-_PHYSICAL_EFFICIENCY_AND_THE_HOME.txt,LESSON IV Social Service - PHYSICAL EFFICIENCY AND THE HOME,,Guide,Vol9,1922,January,Relief_Society_Magazine,Relief Society Magazine,92.83
6,Topic 6: Moral Education & Character Development,0.9282303847649647,2044,July_Vol2_10_Article_In_the_Kitchen_Laboratory_-_Hazel_L._Dunford.txt,In the Kitchen Laboratory — Hazel L. Dunford,— Hazel L. Dunford,Article,Vol2,1915,July,Relief_Society_Magazine,Relief Society Magazine,92.82
6,Topic 6: Moral Education & Character Development,0.9242333662060863,1693,V1_1914_Aug_07_Art_Health_and_Hygiene_Lesson_I_7.txt,Health and Hygiene  Lesson I.... 7,,Article,Vol1,1914,August,Relief_Society_Magazine,Relief Society Magazine,92.42
6,Topic 6: Moral Education & Character Development,0.9239717645036765,2179,November_Vol8_12d_Guide_Lessons_Lesson_IV_-_Social_Service.txt,Lesson IV - Social Service,,Guide,Vol8,1921,November,Relief_Society_Magazine,Relief Society Magazine,92.4
6,Topic 6: Moral Education & Character Development,0.92306478789872,1801,V1_1914_Jun_03_HomeEthics_Home_Ethics.txt,Home Ethics,,Home,Vol1,1914,June,Relief_Society_Magazine,Relief Society Magazine,92.31
6,Topic 6: Moral Education & Character Development,0.9225670821785507,2080,WE_Vol33_1904_Issue2_029_LECTURE_IV.txt,LECTURE IV.,Unknown,Article,Vol33,1904,WE,Womans_Exponent,Woman's Exponent,92.26
6,Topic 6: Moral Education & Character Development,0.9201588474996222,2122,January_Vol6_20d_Home_Ethics_LESSON_IV_Home_Courses_Fourth_Week_in_February_NATIONAL_ASPE.txt,LESSON IV Home Courses Fourth Week in February NATIONAL ASPE,,Home,Vol6,1919,January,Relief_Society_Magazine,Relief Society Magazine,92.02
6,Topic 6: Moral Education & Character Development,0.9188077116558158,1547,February_Vol6_17e_Home_Science_Guide_Lessons_-_Lesson_IV_-_Home_Courses.txt,Guide Lessons - Lesson IV - Home Courses,,Home,Vol6,1919,February,Relief_Society_Magazine,Relief Society Magazine,91.88
6,Topic 6: Moral Education & Character Development,0.9187165772418632,1522,March_Vol5_19_Guide_Lessons_Guide_Lessons.txt,Guide Lessons,,Guide,Vol5,1918,March,Relief_Society_Magazine,Relief Society Magazine,91.87
7,Topic 7: Relief Society Conference Reports ,0.990730276571685,4019,WE_Vol35_1906_Issue4_009_VISITS_OF_MISSIONARIES.txt,VISITS OF MISSIONARIES.,Unknown,Article,Vol35,1906,WE,Womans_Exponent,Woman's Exponent,99.07
7,Topic 7: Relief Society Conference Reports ,0.9899620669889849,3391,WE_Vol40_1911_Issue4_019_RELIEF_SOCIETY_REPORTS.txt,RELIEF SOCIETY REPORTS.,"President Pace, reporting the stake work",Relief Society Report,Vol40,1911,WE,Womans_Exponent,Woman's Exponent,99
7,Topic 7: Relief Society Conference Reports ,0.9890759346629288,777,January_Vol9_09_Conventions_Conventions_and_Conferences.txt,Conventions and Conferences,,Article,Vol9,1922,January,Relief_Society_Magazine,Relief Society Magazine,98.91
7,Topic 7: Relief Society Conference Reports ,0.9888956241568148,778,January_Vol10_11_Conventions_Conventions_and_Conferences.txt,Conventions and Conferences,,Article,Vol10,1923,January,Relief_Society_Magazine,Relief Society Magazine,98.89
7,Topic 7: Relief Society Conference Reports ,0.9879493775220265,3446,WE_Vol33_1904_Issue3_038_R_S_REPORTS_2.txt,R. S. REPORTS.,Unknown,Relief Society Report,Vol33,1904,WE,Womans_Exponent,Woman's Exponent,98.79
7,Topic 7: Relief Society Conference Reports ,0.9863331360357476,4022,WE_Vol35_1906_Issue1_014_VISITS_OF_MISSIONARIES.txt,VISITS OF MISSIONARIES.,President Bathsheba W. Smith are:—,Article,Vol35,1906,WE,Womans_Exponent,Woman's Exponent,98.63
7,Topic 7: Relief Society Conference Reports ,0.9857903883786697,3396,WE_Vol36_1907_Issue3_021_RELIEF_SOCIETY_REPORTS.txt,RELIEF SOCIETY REPORTS.,Unknown,Relief Society Report,Vol36,1907,WE,Womans_Exponent,Woman's Exponent,98.58
7,Topic 7: Relief Society Conference Reports ,0.9852681280101504,2230,WE_Vol37_1908_Issue5_017_LIBERTY_STAKE.txt,LIBERTY STAKE.,Unknown,Article,Vol37,1908,WE,Womans_Exponent,Woman's Exponent,98.53
7,Topic 7: Relief Society Conference Reports ,0.9851754250499947,4209,WE_Vol38_1909_Issue3_018_YELLOWSTONE_STAKE.txt,YELLOWSTONE STAKE.,"MARY E. BROWER,",Article,Vol38,1909,WE,Womans_Exponent,Woman's Exponent,98.52
7,Topic 7: Relief Society Conference Reports ,0.9839683119869941,3466,WE_Vol32_1903_Issue4_008_REPORT_FROM_TOOELE_STAKE.txt,REPORT FROM TOOELE STAKE.,Unknown,Article,Vol32,1903,WE,Womans_Exponent,Woman's Exponent,98.4
7,Topic 7: Relief Society Conference Reports ,0.9836343908145764,2235,WE_Vol38_1909_Issue3_017_LIBERTY_STAKE.txt,LIBERTY STAKE.,Unknown,Article,Vol38,1909,WE,Womans_Exponent,Woman's Exponent,98.36
7,Topic 7: Relief Society Conference Reports ,0.9815806910150967,3358,WE_Vol34_1905_Issue7_022_REORGANIZATION_22ND_WARD_CITY.txt,"REORGANIZATION 22ND WARD, CITY.",Unknown,Article,Vol34,1905,WE,Womans_Exponent,Woman's Exponent,98.16
7,Topic 7: Relief Society Conference Reports ,0.9788838499640853,1043,WE_Vol33_1904_Issue11_004_EDITORIAL_NOTE.txt,EDITORIAL NOTE.,Unknown,Editorial,Vol33,1904,WE,Womans_Exponent,Woman's Exponent,97.89
7,Topic 7: Relief Society Conference Reports ,0.9779691208115434,3453,WE_Vol39_1910_Issue1_010_R_S_REPORTS.txt,R. S. REPORTS.,Unknown,Relief Society Report,Vol39,1910,WE,Womans_Exponent,Woman's Exponent,97.8
7,Topic 7: Relief Society Conference Reports ,0.9776495211646953,1130,WE_Vol32_1903_Issue6_028_EMERY_STAKE.txt,EMERY STAKE.,Unknown,Article,Vol32,1903,WE,Womans_Exponent,Woman's Exponent,97.76
7,Topic 7: Relief Society Conference Reports ,0.977410907369235,3359,WE_Vol38_1909_Issue7_022_REORGANIZATION.txt,Reorganization,Unknown,Article,Vol38,1909,WE,Womans_Exponent,Woman's Exponent,97.74
7,Topic 7: Relief Society Conference Reports ,0.9772401820854092,4021,WE_Vol35_1906_Issue2_014_VISITS_OF_MISSIONARIES.txt,VISITS OF MISSIONARIES.,Unknown,Article,Vol35,1906,WE,Womans_Exponent,Woman's Exponent,97.72
7,Topic 7: Relief Society Conference Reports ,0.9768779262254738,2234,WE_Vol38_1909_Issue6_023_LIBERTY_STAKE.txt,LIBERTY STAKE.,Unknown,Article,Vol38,1909,WE,Womans_Exponent,Woman's Exponent,97.69
7,Topic 7: Relief Society Conference Reports ,0.97676564434197,3693,WE_Vol37_1908_Issue6_017_RELIEF_SOEIETY_CONFERENCE.txt,RELIEF SOEIETY CONFERENCE.,"BATHSHEBA W. SMITH,",Board/Meeting,Vol37,1908,WE,Womans_Exponent,Woman's Exponent,97.68
7,Topic 7: Relief Society Conference Reports ,0.9766159588237051,541,WE_Vol33_1904_Issue9_015_GENERAL_CONFERENCE_RELIEF_SOCIETY.txt,General Conference Relief Society,"ANNIE TAYLOR HYDE,",Relief Society Report,Vol33,1904,WE,Womans_Exponent,Woman's Exponent,97.66
7,Topic 7: Relief Society Conference Reports ,0.9753964321526924,231,WE_Vol32_1903_Issue2_051_BANNOCK_STAKE_2.txt,BANNOCK STAKE.,Unknown,Article,Vol32,1903,WE,Womans_Exponent,Woman's Exponent,97.54
7,Topic 7: Relief Society Conference Reports ,0.9744729285113479,3048,WE_Vol37_1908_Issue5_019_ONEIDA_STAKE.txt,ONEIDA STAKE.,WOMAN’S EXPONENT,Article,Vol37,1908,WE,Womans_Exponent,Woman's Exponent,97.45
7,Topic 7: Relief Society Conference Reports ,0.9739617362994812,3049,WE_Vol35_1906_Issue3_023_ONEIDA_STAKE.txt,ONEIDA STAKE.,WOMAN’S EXPONENT,Article,Vol35,1906,WE,Womans_Exponent,Woman's Exponent,97.4
7,Topic 7: Relief Society Conference Reports ,0.9727990496340095,3445,WE_Vol33_1904_Issue9_021_RELIEF_SOCIETY_REPORTS.txt,RELIEF SOCIETY REPORTS.,Unknown,Relief Society Report,Vol33,1904,WE,Womans_Exponent,Woman's Exponent,97.28
7,Topic 7: Relief Society Conference Reports ,0.9727345702470073,3579,WE_Vol41_1912_Issue11_013_SAN_LUIS_STAKE.txt,SAN LUIS STAKE.,Unknown,Article,Vol41,1912,WE,Womans_Exponent,Woman's Exponent,97.27
8,Topic 8: World News and Women's Rights Reports,0.9908134218167934,4065,November_Vol6_10a_Current_Topics_On_the_Watch_Tower.txt,Topics On the Watch Tower,,Current Topics,Vol6,1919,November,Relief_Society_Magazine,Relief Society Magazine,99.08
8,Topic 8: World News and Women's Rights Reports,0.9870121951116799,831,December_Vol4_13_Current_Topics_Current_Topics_James_H._Anderson.txt,Topics Current Topics James H. Anderson,James H. Anderson,Current Topics,Vol4,1917,December,Relief_Society_Magazine,Relief Society Magazine,98.7
8,Topic 8: World News and Women's Rights Reports,0.9835407149107944,1959,September_Vol9_13_Article_The_International_Council_of_Women_to_Meet_in_U._S.txt,The International Council of Women to Meet in U. S.,U. S.,Article,Vol9,1922,September,Relief_Society_Magazine,Relief Society Magazine,98.35
8,Topic 8: World News and Women's Rights Reports,0.9832868635841946,4057,July_Vol6_12_On_the_Watch_Tower_James_H._Anderson.txt,the Watch Tower James H. Anderson,,Article,Vol6,1919,July,Relief_Society_Magazine,Relief Society Magazine,98.33
8,Topic 8: World News and Women's Rights Reports,0.981851045593585,4064,May_Vol6_12c_Current_Topics_On_the_Watch_Tower.txt,Topics On the Watch Tower,,Current Topics,Vol6,1919,May,Relief_Society_Magazine,Relief Society Magazine,98.19
8,Topic 8: World News and Women's Rights Reports,0.9814945635288312,4061,October_Vol6_04g_Current_Topics_On_the_Watch_Tower.txt,Topics On the Watch Tower,,Current Topics,Vol6,1919,October,Relief_Society_Magazine,Relief Society Magazine,98.15
8,Topic 8: World News and Women's Rights Reports,0.9763075852024381,817,December_Vol5_11c_Current_Topics_Current_Topics.txt,Topics Current Topics,James H. Anderson,Current Topics,Vol5,1918,December,Relief_Society_Magazine,Relief Society Magazine,97.63
8,Topic 8: World News and Women's Rights Reports,0.974037586799125,1961,WE_Vol32_1903_Issue12_019_INTERNATIONAL_QUINQUENNIAL.txt,International Quinquennial,MAY WRIGHT SEWALL,Article,Vol32,1903,WE,Womans_Exponent,Woman's Exponent,97.4
8,Topic 8: World News and Women's Rights Reports,0.9717909225661943,840,June_Vol4_11_Current_Topics_Current_Topics_James_H._Anderson.txt,Topics Current Topics James H. Anderson,James H. Anderson,Current Topics,Vol4,1917,June,Relief_Society_Magazine,Relief Society Magazine,97.18
8,Topic 8: World News and Women's Rights Reports,0.9717050869167383,814,November_Vol5_09_Current_Topics_Current_Topics_James_H._Anderson.txt,Topics Current Topics James H. Anderson,James H. Anderson,Current Topics,Vol5,1918,November,Relief_Society_Magazine,Relief Society Magazine,97.17
8,Topic 8: World News and Women's Rights Reports,0.9703017007762212,2382,February_Vol4_13_Article_Memories_Marie_Jensen.txt,Memories Marie Jensen,,Article,Vol4,1917,February,Relief_Society_Magazine,Relief Society Magazine,97.03
8,Topic 8: World News and Women's Rights Reports,0.9694823689595741,842,February_Vol4_18_Current_Topics_Current_Topics_James_H_Anderson.txt,Topics Current Topics James H Anderson,James H. Anderson,Current Topics,Vol4,1917,February,Relief_Society_Magazine,Relief Society Magazine,96.95
8,Topic 8: World News and Women's Rights Reports,0.9675278699402122,4069,October_Vol6_18_On_the_Watch_Tower.txt,the Watch Tower,,Article,Vol6,1919,October,Relief_Society_Magazine,Relief Society Magazine,96.75
8,Topic 8: World News and Women's Rights Reports,0.9671957625650606,813,September_Vol4_09_Current_Topics_Current_Topics_James_H._Anderson.txt,Topics Current Topics James H. Anderson,James H. Anderson,Current Topics,Vol4,1917,September,Relief_Society_Magazine,Relief Society Magazine,96.72
8,Topic 8: World News and Women's Rights Reports,0.9654333497946285,1958,WE_Vol38_1909_Issue3_015_INTERNATIONAL_COUNCIL_OF_WOMEN.txt,INTERNATIONAL COUNCIL OF WOMEN.,"MARIA M. OGILVIE GORDON,",Article,Vol38,1909,WE,Womans_Exponent,Woman's Exponent,96.54
8,Topic 8: World News and Women's Rights Reports,0.9599572695952956,852,June_Vol3_16_Current_Topics_Current_Topics_James_H._Anderson.txt,Topics Current Topics James H. Anderson,James H. Anderson,Current Topics,Vol3,1916,June,Relief_Society_Magazine,Relief Society Magazine,96
8,Topic 8: World News and Women's Rights Reports,0.9590880650501219,3253,July_Vol9_10_Article_The_General_Procession_James_H._Anderson.txt,The General Procession James H. Anderson,James H. Anderson,Article,Vol9,1922,July,Relief_Society_Magazine,Relief Society Magazine,95.91
8,Topic 8: World News and Women's Rights Reports,0.9580399738919878,2897,WE_Vol36_1907_Issue8_004_NOTES_AND_NEWS.txt,NOTES AND NEWS.,WOMAN’S EXPONENT,Article,Vol36,1907,WE,Womans_Exponent,Woman's Exponent,95.8
8,Topic 8: World News and Women's Rights Reports,0.9577395429241313,4174,October_Vol8_14_Article_World_Happenings_James_H._Anderson.txt,World Happenings James H. Anderson,James H. Anderson,Article,Vol8,1921,October,Relief_Society_Magazine,Relief Society Magazine,95.77
8,Topic 8: World News and Women's Rights Reports,0.9574038453455046,3172,WE_Vol41_1912_Issue3_015_PLAN_MEMBERSHIP_CAMPAIGN.txt,PLAN MEMBERSHIP CAMPAIGN.,Unknown,Article,Vol41,1912,WE,Womans_Exponent,Woman's Exponent,95.74
8,Topic 8: World News and Women's Rights Reports,0.9565251572159641,18,March_Vol4_11_Article_Admiral_George_Dewey_and_Homer_Davenport_Alice_Louise_Reynol.txt,Admiral George Dewey and Homer Davenport Alice Louise Reynol,Alice Louise Reynolds,Article,Vol4,1917,March,Relief_Society_Magazine,Relief Society Magazine,95.65
8,Topic 8: World News and Women's Rights Reports,0.9563236140166776,1962,WE_Vol32_1903_Issue11_021_INTERNATIONAL_QUINQUENNIAL.txt,International Quinquennial,Unknown,Article,Vol32,1903,WE,Womans_Exponent,Woman's Exponent,95.63
8,Topic 8: World News and Women's Rights Reports,0.9559787342710414,1244,WE_Vol35_1906_Issue5_018_FEDERAL_SUFFRAGE_BILL_H_R_5360.txt,FEDERAL SUFFRAGE BILL H. R. 5360.,the Constitution in the people of the,Article,Vol35,1906,WE,Womans_Exponent,Woman's Exponent,95.6
8,Topic 8: World News and Women's Rights Reports,0.9549780024098765,4066,January_Vol6_18_On_the_Watch_Tower.txt,the Watch Tower,James H. Anderson,Article,Vol6,1919,January,Relief_Society_Magazine,Relief Society Magazine,95.5
8,Topic 8: World News and Women's Rights Reports,0.9532251612219566,834,September_Vol5_12_Current_Topics_Current_Topics_James_H._Anderson.txt,Topics Current Topics James H. Anderson,James H. Anderson,Current Topics,Vol5,1918,September,Relief_Society_Magazine,Relief Society Magazine,95.32
9,Topic 9: Serialized Fiction & Stories,0.9943187260578956,2652,February_Vol5_06a_Article_Mothers_Valentine_a_a_a.txt,Mothers Valentine,Amy M. Rice,Article,Vol5,1918,February,Relief_Society_Magazine,Relief Society Magazine,99.43
9,Topic 9: Serialized Fiction & Stories,0.9904496051681249,508,December_Vol10_05_Article_And_Then_Came_Santa_Ruth_Moench_Bell.txt,And Then Came Santa Ruth Moench Bell,Ruth Moench Bell,Article,Vol10,1923,December,Relief_Society_Magazine,Relief Society Magazine,99.04
9,Topic 9: Serialized Fiction & Stories,0.9869663543080056,3593,April_Vol3_06_Article_Mary_Ann's_Family_E._C._C.txt,Mary Ann's Family E. C. C.,E. C. C.,Article,Vol3,1916,April,Relief_Society_Magazine,Relief Society Magazine,98.7
9,Topic 9: Serialized Fiction & Stories,0.9787840885221495,4105,September_Vol6_05a_Article_His_Wifes_Mother-in-Law.txt,His Wifes Mother-in-Law,,Article,Vol6,1919,September,Relief_Society_Magazine,Relief Society Magazine,97.88
9,Topic 9: Serialized Fiction & Stories,0.9749574686498783,3948,October_Vol9_14_Article_A_Twisted_Holiday_Lila_Little_Hicken.txt,A Twisted Holiday Lila Little Hicken,,Article,Vol9,1922,October,Relief_Society_Magazine,Relief Society Magazine,97.5
9,Topic 9: Serialized Fiction & Stories,0.9748628651586955,4113,April_Vol4_04_Article_Winning_the_Man's_Mother_Ida_Stewart_Peay.txt,Winning the Man's Mother Ida Stewart Peay,,Article,Vol4,1917,April,Relief_Society_Magazine,Relief Society Magazine,97.49
9,Topic 9: Serialized Fiction & Stories,0.970750148103403,788,"May_Vol4_02_Mothers_in_Israel_Council_Bluffs_Ferry,_1853_Frontispiece_Mothers_in_Israel.txt","in Israel Council Bluffs Ferry, 1853 Frontispiece Mothers in Israel",,Article,Vol4,1917,May,Relief_Society_Magazine,Relief Society Magazine,97.08
9,Topic 9: Serialized Fiction & Stories,0.9660457783077372,373,January_Vol9_05_Article_Bubbles_and_Troubles_Ruth_Moench_Bell.txt,Bubbles and Troubles Ruth Moench Bell,Ruth Moench Bell,Article,Vol9,1922,January,Relief_Society_Magazine,Relief Society Magazine,96.6
9,Topic 9: Serialized Fiction & Stories,0.9650304577735781,3314,June_Vol6_02a_Article_Rambling_Reminiscences_of_Margaret_Gay_Judd_Clawson.txt,Rambling Reminiscences of Margaret Gay Judd Clawson,,Article,Vol6,1919,June,Relief_Society_Magazine,Relief Society Magazine,96.5
9,Topic 9: Serialized Fiction & Stories,0.9580998006653738,372,February_Vol9_10_Article_Bubbles_and_Troubles_Ruth_Moench_Bell.txt,Bubbles and Troubles Ruth Moench Bell,Ruth Moench Bell,Article,Vol9,1922,February,Relief_Society_Magazine,Relief Society Magazine,95.81
9,Topic 9: Serialized Fiction & Stories,0.9567995595441279,4106,November_Vol2_04_Article_His_Wife's_Talents_Elsie_Chamberlain_Carroll.txt,His Wife's Talents Elsie Chamberlain Carroll,Elsie Chamberlain Carroll,Article,Vol2,1915,November,Relief_Society_Magazine,Relief Society Magazine,95.68
9,Topic 9: Serialized Fiction & Stories,0.9537090139586263,4192,April_Vol8_08_Article_Out_of_the_World_G._Milton_Babcock.txt,Out of the World G. Milton Babcock,G. Milton Babcock,Article,Vol8,1921,April,Relief_Society_Magazine,Relief Society Magazine,95.37
9,Topic 9: Serialized Fiction & Stories,0.9527734643900511,3844,November_Vol3_05_Article_Their_Thanksgiving_Ida_S._Peay.txt,Their Thanksgiving Ida S. Peay,,Article,Vol3,1916,November,Relief_Society_Magazine,Relief Society Magazine,95.28
9,Topic 9: Serialized Fiction & Stories,0.9485820339286964,2595,September_Vol5_07_Article_When_Mother_attended_Sunday_School_Clara_S._Fagergren.txt,When Mother attended Sunday School Clara S. Fagergren,School Clara S. Fagergren,Article,Vol5,1918,September,Relief_Society_Magazine,Relief Society Magazine,94.86
9,Topic 9: Serialized Fiction & Stories,0.947234255297413,80,July_Vol9_11_Article_Ann_and_Her_Husband.txt,Ann and Her Husband,,Article,Vol9,1922,July,Relief_Society_Magazine,Relief Society Magazine,94.72
9,Topic 9: Serialized Fiction & Stories,0.9464947281962092,1126,November_Vol6_05a_Article_Emancipation_of_Margaret_Bryce.txt,Emancipation of Margaret Bryce,,Article,Vol6,1919,November,Relief_Society_Magazine,Relief Society Magazine,94.65
9,Topic 9: Serialized Fiction & Stories,0.9461731487591155,3658,WE_Vol39_1910_Issue8_023_SKETCH_OF_JULIA_P_LINDSAY.txt,Sketch of Julia P. Lindsay,WOMAN’S EXPONENT,Article,Vol39,1910,WE,Womans_Exponent,Woman's Exponent,94.62
9,Topic 9: Serialized Fiction & Stories,0.9443181345644073,4198,May_Vol8_03_Article_Wrapped_in_Wool_Agnes_Lovendahl.txt,Wrapped in Wool Agnes Lovendahl,,Article,Vol8,1921,May,Relief_Society_Magazine,Relief Society Magazine,94.43
9,Topic 9: Serialized Fiction & Stories,0.9405576138139672,2615,July_Vol4_05_Mothers_in_Israel_Mothers_in_Israel_Mary_A._S._Winters.txt,in Israel Mothers in Israel Mary A. S. Winters,Mary A. S. Winters,Article,Vol4,1917,July,Relief_Society_Magazine,Relief Society Magazine,94.06
9,Topic 9: Serialized Fiction & Stories,0.9379369422352872,3572,November_Vol10_08_Article_Ruth's_Thanksgiving_Elsie_Talmage_Brandley.txt,Ruth's Thanksgiving Elsie Talmage Brandley,Elsie Talmage Brandley,Article,Vol10,1923,November,Relief_Society_Magazine,Relief Society Magazine,93.79
9,Topic 9: Serialized Fiction & Stories,0.934149558168834,4194,January_Vol8_05_Article_Out_of_the_World_Susie_E.txt,Out of the World Susie E.,Susie E.,Article,Vol8,1921,January,Relief_Society_Magazine,Relief Society Magazine,93.41
9,Topic 9: Serialized Fiction & Stories,0.9307329546999338,3169,May_Vol3_03_Plain_Gossip_Plain_Gossip_Mrs._Grundy.txt,Gossip Plain Gossip Mrs. Grundy,,Article,Vol3,1916,May,Relief_Society_Magazine,Relief Society Magazine,93.07
9,Topic 9: Serialized Fiction & Stories,0.9306285386276762,1460,November_Vol7_03_Article_The_Better_Hubby_Contest_Ruth_Moench_Bell.txt,The Better Hubby Contest Ruth Moench Bell,Ruth Moench Bell,Article,Vol7,1920,November,Relief_Society_Magazine,Relief Society Magazine,93.06
9,Topic 9: Serialized Fiction & Stories,0.9303164986164406,275,December_Vol6_05a_Article_Beyond_Arsareth.txt,Beyond Arsareth,,Article,Vol6,1919,December,Relief_Society_Magazine,Relief Society Magazine,93.03
9,Topic 9: Serialized Fiction & Stories,0.9303164986164406,276,December_Vol6_01b_Article_Beyond_Arsareth.txt,Beyond Arsareth,,Article,Vol6,1919,December,Relief_Society_Magazine,Relief Society Magazine,93.03
10,Topic 10: Poetry,0.9904508418120704,295,WE_Vol41_1912_Issue13_015_BINGEN_ON_THE_RHINE.txt,BINGEN ON THE RHINE.,Unknown,Article,Vol41,1912,WE,Womans_Exponent,Woman's Exponent,99.05
10,Topic 10: Poetry,0.9892336217941572,3312,WE_Vol36_1907_Issue1_006_THE_RAINBOW.txt,THE RAINBOW.,Unknown,Article,Vol36,1907,WE,Womans_Exponent,Woman's Exponent,98.92
10,Topic 10: Poetry,0.9868320549046781,2252,WE_Vol32_1903_Issue10_002_WHEN_THE_LILAC_COMES.txt,WHEN THE LILAC COMES.,Unknown,Article,Vol32,1903,WE,Womans_Exponent,Woman's Exponent,98.68
10,Topic 10: Poetry,0.9846772851018044,3793,WE_Vol39_1910_Issue8_007_THE_TANGLED_PAST.txt,THE TANGLED PAST.,Unknown,Article,Vol39,1910,WE,Womans_Exponent,Woman's Exponent,98.47
10,Topic 10: Poetry,0.9843304702998794,1231,WE_Vol34_1905_Issue7_007_NO_FAREWELL.txt,NO FAREWELL.,LYDIA D. ALDRR,Article,Vol34,1905,WE,Womans_Exponent,Woman's Exponent,98.43
10,Topic 10: Poetry,0.9835147012081142,3746,WE_Vol32_1903_Issue12_003_A_STORM_ON_THE_ATLANTIC_OCEAN.txt,A STORM ON THE ATLANTIC OCEAN.,Unknown,Article,Vol32,1903,WE,Womans_Exponent,Woman's Exponent,98.35
10,Topic 10: Poetry,0.9832990231332227,4033,WE_Vol35_1906_Issue8_002_VOICES_OF_THE_WIND.txt,VOICES OF THE WIND.,Unknown,Article,Vol35,1906,WE,Womans_Exponent,Woman's Exponent,98.33
10,Topic 10: Poetry,0.9832671581602653,3561,WE_Vol35_1906_Issue1_002_A_RONDEAU.txt,A RONDEAU.,E. B. W,Article,Vol35,1906,WE,Womans_Exponent,Woman's Exponent,98.33
10,Topic 10: Poetry,0.9829512329677554,366,WE_Vol35_1906_Issue9_002_BRING_FLOWERS.txt,BRING FLOWERS,Unknown,Article,Vol35,1906,WE,Womans_Exponent,Woman's Exponent,98.3
10,Topic 10: Poetry,0.9828748324482407,1444,WE_Vol34_1905_Issue10_002_GLADYS.txt,GLADYS.,"LYDIA D. ALDER,",Article,Vol34,1905,WE,Womans_Exponent,Woman's Exponent,98.29
10,Topic 10: Poetry,0.9828435613779596,3244,September_Vol3_05_Prince_of_Ur_A_Prince_of_Ur_Homespun.txt,A Prince of Ur Homespun,,Article,Vol3,1916,September,Relief_Society_Magazine,Relief Society Magazine,98.28
10,Topic 10: Poetry,0.9827425837813567,884,WE_Vol41_1912_Issue7_006_TO_A_DEAR_YOUNG_GIRL_EMMIE.txt,"TO A DEAR YOUNG GIRL, EMMIE.",AUGUSTA JOYCE CROCHERON,Article,Vol41,1912,WE,Womans_Exponent,Woman's Exponent,98.27
10,Topic 10: Poetry,0.9817065995685714,944,WE_Vol34_1905_Issue2_008_THE_DREAMER.txt,THE DREAMER.,GRACE INGLES FROST,Article,Vol34,1905,WE,Womans_Exponent,Woman's Exponent,98.17
10,Topic 10: Poetry,0.9816119167793255,2327,WE_Vol41_1912_Issue7_002_THE_LOVERS_AND_THE_BOBOLINK.txt,The Lovers and the Bobolink,AUGUSTA JOYCE CROCHERON,Article,Vol41,1912,WE,Womans_Exponent,Woman's Exponent,98.16
10,Topic 10: Poetry,0.9812050057307768,2106,WE_Vol33_1904_Issue2_003_THE_LEGEND_OF_THE_PURPLE_IRIS.txt,THE LEGEND OF THE PURPLE IRIS.,Unknown,Article,Vol33,1904,WE,Womans_Exponent,Woman's Exponent,98.12
10,Topic 10: Poetry,0.9808715392001635,1436,June_Vol2_13_Poem_Mother-Love_Maud_Baggarley.txt,Mother-Love,Maud Baggarley,Poem,Vol2,1915,June,Relief_Society_Magazine,Relief Society Magazine,98.09
10,Topic 10: Poetry,0.9806831660464722,3332,September_Vol4_03_Poetry_Reclaimed._A_Poem_Coral_J._Black.txt,Reclaimed. A Poem Coral J. Black,,Poem,Vol4,1917,September,Relief_Society_Magazine,Relief Society Magazine,98.07
10,Topic 10: Poetry,0.98058339057453,257,"March_Vol10_02_Article_Myron_E._Crandall,_Jr.txt","Myron E. Crandall, Jr.",,Article,Vol10,1923,March,Relief_Society_Magazine,Relief Society Magazine,98.06
10,Topic 10: Poetry,0.9804900215536582,3614,WE_Vol32_1903_Issue5_002_I_HAVE_SEEN_ALL_THE_WAY.txt,I HAVE SEEN ALL THE WAY.,Unknown,Article,Vol32,1903,WE,Womans_Exponent,Woman's Exponent,98.05
10,Topic 10: Poetry,0.9802528642751942,3735,June_Vol4_01_Article_The_Star-Spangled_Banner.txt,The Star-Spangled Banner,,Article,Vol4,1917,June,Relief_Society_Magazine,Relief Society Magazine,98.03
10,Topic 10: Poetry,0.9801942506108101,450,WE_Vol40_1911_Issue5_002_A_CHRISTMAS_QUEST.txt,A CHRISTMAS QUEST.,Unknown,Article,Vol40,1911,WE,Womans_Exponent,Woman's Exponent,98.02
10,Topic 10: Poetry,0.9793685042024782,68,WE_Vol38_1909_Issue2_006_THE_CITY_OF_THE_SAINTS.txt,THE CITY OF THE SAINTS.,Unknown,Article,Vol38,1909,WE,Womans_Exponent,Woman's Exponent,97.94
10,Topic 10: Poetry,0.9786178424493768,262,May_Vol8_10_Poem_Belated_Joys_Alveretta_Engar.txt,Belated Joys Alveretta Engar,,Article,Vol8,1921,May,Relief_Society_Magazine,Relief Society Magazine,97.86
10,Topic 10: Poetry,0.9783055376707182,4084,WE_Vol35_1906_Issue3_002_WEARINESS.txt,WEARINESS.,MAUD BAGGARLEY,Article,Vol35,1906,WE,Womans_Exponent,Woman's Exponent,97.83
10,Topic 10: Poetry,0.9770148914469561,3649,December_Vol3_01_Article_Similitude_Lulu_Greene_Richards.txt,Similitude Lulu Greene Richards,,Article,Vol3,1916,December,Relief_Society_Magazine,Relief Society Magazine,97.7
