topic_num,topic_label,proportion,filename,Title,Author,Article_Type,volume_num,year,issue,proportion_pct
1,Women's Religous Lessons & Study,0.9905787181796535,WE_Vol33_1904_Issue9_046_SEVIER_STAKE_1905.txt,"SEVIER STAKE, 1905.",Unknown,Article,33,1904,9,99.06
1,Women's Religous Lessons & Study,0.9859452146077129,WE_Vol32_1903_Issue6_025_KANAB_STAKE.txt,KANAB STAKE.,Unknown,Article,32,1903,6,98.59
1,Women's Religous Lessons & Study,0.9847998679107163,WE_Vol33_1904_Issue3_002_PEACE.txt,PEACE.,Unknown,Article,33,1904,3,98.48
1,Women's Religous Lessons & Study,0.9813877884728044,WE_Vol34_1905_Issue5_002_VALIANT_FOR_THE_TRUTH.txt,VALIANT FOR THE TRUTH.,FRANCES RIDLEY HAVERGAL,Article,34,1905,5,98.14
1,Women's Religous Lessons & Study,0.9805226186291507,WE_Vol32_1903_Issue7_002_THANKSGIVING_POEM.txt,THANKSGIVING POEM.,Unknown,Poetry,32,1903,7,98.05
1,Women's Religous Lessons & Study,0.9791523781545565,WE_Vol35_1906_Issue2_002_THE_STORY_OF_THE_CROSS.txt,THE STORY OF THE CROSS.,LYDIA D. ALDER,Article,35,1906,2,97.92
1,Women's Religous Lessons & Study,0.9778834928003054,WE_Vol35_1906_Issue9_002_BRING_FLOWERS.txt,BRING FLOWERS,Unknown,Article,35,1906,9,97.79
1,Women's Religous Lessons & Study,0.9777080563918352,WE_Vol34_1905_Issue1_019_VIRGINIA_FRAZER_BOYLE.txt,VIRGINIA FRAZER BOYLE.,Unknown,Article,34,1905,1,97.77
1,Women's Religous Lessons & Study,0.9730709151228178,WE_Vol39_1910_Issue3_009_THE_LIGHT_IS_SHINING_ON.txt,THE LIGHT IS SHINING ON.,Mrs. Carine L. S. Rose,Article,39,1910,3,97.31
1,Women's Religous Lessons & Study,0.9729919418858514,WE_Vol33_1904_Issue9_039_AVILDIA_DICKSON_2.txt,AVILDIA DICKSON.,Unknown,Article,33,1904,9,97.3
1,Women's Religous Lessons & Study,0.9725565705519897,WE_Vol41_1912_Issue13_002_LIFE_IS_WORTH_THE_LIVING.txt,LIFE IS WORTH THE LIVING.,Unknown,Article,41,1912,13,97.26
1,Women's Religous Lessons & Study,0.9720264339878832,WE_Vol38_1909_Issue1_008_OUT_OF_THE_DEPTHS.txt,OUT OF THE DEPTHS.,Unknown,Article,38,1909,1,97.2
1,Women's Religous Lessons & Study,0.9719791791343914,WE_Vol32_1903_Issue12_002_THE_HEALER.txt,THE HEALER,Unknown,Article,32,1903,12,97.2
1,Women's Religous Lessons & Study,0.9713234901619271,WE_Vol36_1907_Issue8_005_LOVE_IS_SANCITIFIED.txt,LOVE IS SANCITIFIED.,Unknown,Article,36,1907,8,97.13
1,Women's Religous Lessons & Study,0.9693644076875805,WE_Vol36_1907_Issue5_002_GIFTED_POET_HENRY_W_NAISBITT.txt,"GIFTED POET, HENRY W. NAISBITT.",Unknown,Article,36,1907,5,96.94
1,Women's Religous Lessons & Study,0.9688363397264342,WE_Vol41_1912_Issue1_010_A_PETITION.txt,A PETITION.,Unknown,Article,41,1912,1,96.88
1,Women's Religous Lessons & Study,0.9672294305959612,WE_Vol34_1905_Issue10_002_GLADYS.txt,GLADYS.,"LYDIA D. ALDER,",Article,34,1905,10,96.72
1,Women's Religous Lessons & Study,0.9642697193288245,WE_Vol33_1904_Issue3_031_HOME_SWEET_HOME.txt,"“HOME, SWEET HOME.”",one who was destined life’s pathways to,Article,33,1904,3,96.43
1,Women's Religous Lessons & Study,0.9637089682328186,WE_Vol38_1909_Issue9_005_MOTHER_S_DAY.txt,MOTHER’S DAY.,A. W. C,Article,38,1909,9,96.37
1,Women's Religous Lessons & Study,0.9623563133002292,WE_Vol38_1909_Issue4_002_THE_BEST_OF_ALL.txt,THE BEST OF ALL.,Unknown,Article,38,1909,4,96.24
1,Women's Religous Lessons & Study,0.9607359087920075,WE_Vol41_1912_Issue4_002_THE_MOTHER_AND_CHILD.txt,THE MOTHER AND CHILD.,Maud Ellen Baggarly,Article,41,1912,4,96.07
1,Women's Religous Lessons & Study,0.959354603809483,WE_Vol37_1908_Issue2_004_LOVE_S_THRONE.txt,LOVE’S THRONE.,Unknown,Article,37,1908,2,95.94
1,Women's Religous Lessons & Study,0.9573728218520208,WE_Vol35_1906_Issue4_007_WHAT_MIGHT_HAVE_BEEN.txt,WHAT MIGHT HAVE BEEN.,Unknown,Article,35,1906,4,95.74
1,Women's Religous Lessons & Study,0.956892858868327,WE_Vol34_1905_Issue1_009_LECTURE_IV.txt,LECTURE IV.,Unknown,Article,34,1905,1,95.69
1,Women's Religous Lessons & Study,0.956437079685991,WE_Vol39_1910_Issue3_008_THE_UNBOUNDED_SPHERE.txt,THE UNBOUNDED SPHERE.,Alice Cameron Voorhis,Article,39,1910,3,95.64
2,Relief Society Conference Reports,0.988671333678116,WE_Vol40_1911_Issue4_019_RELIEF_SOCIETY_REPORTS.txt,RELIEF SOCIETY REPORTS.,"President Pace, reporting the stake work",Relief Society Report,40,1911,4,98.87
2,Relief Society Conference Reports,0.9881289055123332,WE_Vol36_1907_Issue3_021_RELIEF_SOCIETY_REPORTS.txt,RELIEF SOCIETY REPORTS.,Unknown,Relief Society Report,36,1907,3,98.81
2,Relief Society Conference Reports,0.9868701605444236,WE_Vol39_1910_Issue1_024_R_S_REPORTS_2.txt,R. S. REPORTS.,Unknown,Relief Society Report,39,1910,1,98.69
2,Relief Society Conference Reports,0.9852407558537587,WE_Vol40_1911_Issue2_019_RELIEF_SOCIETY_REPORTS.txt,RELIEF SOCIETY REPORTS.,Unknown,Relief Society Report,40,1911,2,98.52
2,Relief Society Conference Reports,0.983126555894722,WE_Vol38_1909_Issue3_018_YELLOWSTONE_STAKE.txt,YELLOWSTONE STAKE.,"MARY E. BROWER,",Article,38,1909,3,98.31
2,Relief Society Conference Reports,0.9821496610861284,WE_Vol33_1904_Issue11_013_R_S_REPORTS_2.txt,R. S. REPORTS.,Unknown,Relief Society Report,33,1904,11,98.21
2,Relief Society Conference Reports,0.9816326501788332,WE_Vol40_1911_Issue1_022_RELIEF_SOCIETY_REPORTS_2.txt,RELIEF SOCIETY REPORTS.,Unknown,Relief Society Report,40,1911,1,98.16
2,Relief Society Conference Reports,0.980203095869578,WE_Vol35_1906_Issue9_026_UINTAH_STAKE.txt,Uintah Stake,Unknown,Article,35,1906,9,98.02
2,Relief Society Conference Reports,0.9798846879155417,WE_Vol33_1904_Issue9_021_RELIEF_SOCIETY_REPORTS.txt,RELIEF SOCIETY REPORTS.,Unknown,Relief Society Report,33,1904,9,97.99
2,Relief Society Conference Reports,0.9786946722433274,WE_Vol37_1908_Issue5_016_RELIEF_SOCIETY_REPORTS.txt,RELIEF SOCIETY REPORTS.,"ANNIE MARIA ALLEN,",Relief Society Report,37,1908,5,97.87
2,Relief Society Conference Reports,0.9757624907141601,WE_Vol39_1910_Issue3_023_YELLOWSTONE_STAKE.txt,YELLOWSTONE STAKE.,"MARY E. BROWER,",Article,39,1910,3,97.58
2,Relief Society Conference Reports,0.9746160650012516,WE_Vol40_1911_Issue6_019_RELIEF_SOCIETY_REPORTS.txt,RELIEF SOCIETY REPORTS.,WOMAN’S EXPONENT,Relief Society Report,40,1911,6,97.46
2,Relief Society Conference Reports,0.9741272924551188,WE_Vol34_1905_Issue10_023_UINTAH_STAKE.txt,UINTAH STAKE.,Unknown,Article,34,1905,10,97.41
2,Relief Society Conference Reports,0.9725257941353674,WE_Vol38_1909_Issue3_017_LIBERTY_STAKE.txt,LIBERTY STAKE.,Unknown,Article,38,1909,3,97.25
2,Relief Society Conference Reports,0.9708096474041962,WE_Vol37_1908_Issue5_017_LIBERTY_STAKE.txt,LIBERTY STAKE.,Unknown,Article,37,1908,5,97.08
2,Relief Society Conference Reports,0.9706316374954057,WE_Vol34_1905_Issue4_005_UINTAH_STAKE.txt,UINTAH STAKE.,Unknown,Article,34,1905,4,97.06
2,Relief Society Conference Reports,0.9701091104625201,WE_Vol41_1912_Issue2_019_RELIEF_SOCIETY_REPORTS.txt,RELIEF SOCIETY REPORTS.,Unknown,Relief Society Report,41,1912,2,97.01
2,Relief Society Conference Reports,0.9687071695824313,WE_Vol37_1908_Issue7_023_RELIEF_SOCIETY_REPORT.txt,RELIEF SOCIETY REPORT.,"MARGARET W. MANNING,",Relief Society Report,37,1908,7,96.87
2,Relief Society Conference Reports,0.9686400645247972,WE_Vol40_1911_Issue2_022_RELIEF_SOCIETY_REPORTS_2.txt,RELIEF SOCIETY REPORTS.,Unknown,Relief Society Report,40,1911,2,96.86
2,Relief Society Conference Reports,0.9678740363580399,WE_Vol35_1906_Issue2_019_UINTAH_STAKE.txt,Uintah Stake,Unknown,Article,35,1906,2,96.79
2,Relief Society Conference Reports,0.9673647098764244,WE_Vol38_1909_Issue1_026_R_S_REPORTS_2.txt,R. S. REPORTS.,Unknown,Relief Society Report,38,1909,1,96.74
2,Relief Society Conference Reports,0.967007795635604,WE_Vol32_1903_Issue4_008_REPORT_FROM_TOOELE_STAKE.txt,REPORT FROM TOOELE STAKE.,Unknown,Article,32,1903,4,96.7
2,Relief Society Conference Reports,0.9650767848363132,WE_Vol36_1907_Issue1_008_R_S_EEPORTS.txt,R. S. EEPORTS.,Unknown,Article,36,1907,1,96.51
2,Relief Society Conference Reports,0.9613142285161225,WE_Vol39_1910_Issue9_006_RELIEF_SOCIETY_REPORTS.txt,RELIEF SOCIETY REPORTS.,Unknown,Relief Society Report,39,1910,9,96.13
2,Relief Society Conference Reports,0.9599409410693549,WE_Vol39_1910_Issue6_007_RELIEF_SOCIETY_REPORTS.txt,RELIEF SOCIETY REPORTS.,"LIZZIE ROBBINS,",Relief Society Report,39,1910,6,95.99
3,Women's Rights,0.9931257437269674,WE_Vol38_1909_Issue7_005_PROPERTY_RIGHTS_OF_WOMEN.txt,PROPERTY RIGHTS OF WOMEN.,Unknown,Article,38,1909,7,99.31
3,Women's Rights,0.9840294744230751,WE_Vol32_1903_Issue10_013_THE_WORLD_IN_TURMOIL.txt,THE WORLD IN TURMOIL.,Unknown,Article,32,1903,10,98.4
3,Women's Rights,0.9702534812267002,WE_Vol39_1910_Issue8_004_EMPLOYER_AND_EMPLOYEE.txt,EMPLOYER AND EMPLOYEE.,WOMAN’S EXPONENT,Article,39,1910,8,97.03
3,Women's Rights,0.9659264120971145,WE_Vol34_1905_Issue9_032_RABBI_FLEISCHER_ON_WOMAN.txt,RABBI FLEISCHER ON WOMAN.,Unknown,Article,34,1905,9,96.59
3,Women's Rights,0.9392925413043983,WE_Vol34_1905_Issue5_020_RABBI_FLEISCHER_ON_WOMAN_IN_A.txt,RABBI FLEISCHER ON WOMAN IN A,WOMAN’S EXPONENT,Article,34,1905,5,93.93
3,Women's Rights,0.931831818921225,WE_Vol41_1912_Issue8_015_TAKING_A_STAND_FOR_THE_RIGHT.txt,TAKING A STAND FOR THE RIGHT.,"IDA S. PEAY,",Article,41,1912,8,93.18
3,Women's Rights,0.9288136302942472,WE_Vol35_1906_Issue1_013_PROSPERITY_AND_PROGRESS.txt,PROSPERITY AND PROGRESS.,Unknown,Article,35,1906,1,92.88
3,Women's Rights,0.9136573389178938,WE_Vol33_1904_Issue5_026_EDWIN_D_MEAD_S_ADDRESS.txt,EDWIN D. MEAD’S ADDRESS.,Unknown,Article,33,1904,5,91.37
3,Women's Rights,0.9071928337767604,WE_Vol37_1908_Issue3_011_THE_POLITICAL_SITUATION_IN_UTAH.txt,THE POLITICAL SITUATION IN UTAH.,Unknown,Article,37,1908,3,90.72
3,Women's Rights,0.8978813774219943,WE_Vol39_1910_Issue2_010_ARE_THE_WATCHMEN_ON_THE_TOWERS.txt,Are the Watchmen on the Towers,Unknown,Article,39,1910,2,89.79
3,Women's Rights,0.8967295085695834,WE_Vol41_1912_Issue7_013_THE_CHILD_BORN_AND_UNBORN.txt,The Child—Born and Unborn,"W. Brown Ewing, read at General Re-",Article,41,1912,7,89.67
3,Women's Rights,0.8959065147874845,WE_Vol39_1910_Issue9_004_THE_TEMPERANCE_QUESTION.txt,THE TEMPERANCE QUESTION.,Unknown,Article,39,1910,9,89.59
3,Women's Rights,0.8900319283426432,WE_Vol38_1909_Issue3_003_WHY_I_HATE_THE_LIQUOR_TRAFFIC.txt,Why I Hate the Liquor Traffic,Unknown,Article,38,1909,3,89
3,Women's Rights,0.8832539482698278,WE_Vol39_1910_Issue7_011_THE_RISING_GENERATION.txt,THE RISING GENERATION.,WOMAN’S EXPONENT,Article,39,1910,7,88.33
3,Women's Rights,0.8748610954238429,WE_Vol41_1912_Issue14_005_THE_SUFFRAGE_MOVEMENT_IN_ENG.txt,THE SUFFRAGE MOVEMENT IN ENG-,Unknown,Article,41,1912,14,87.49
3,Women's Rights,0.8720645928704558,WE_Vol37_1908_Issue4_009_THE_ELECTION_OF_A_PRESIDENT.txt,THE ELECTION OF A PRESIDENT.,Unknown,Article,37,1908,4,87.21
3,Women's Rights,0.8608692216414914,WE_Vol39_1910_Issue5_014_UPHOLD_THE_RIGHT.txt,“UPHOLD THE RIGHT.”,WOMAN’S EXPONENT,Article,39,1910,5,86.09
3,Women's Rights,0.8494965933817693,WE_Vol39_1910_Issue9_014_SCIENTISTS_AND_PHILOSOPHERS.txt,SCIENTISTS AND PHILOSOPHERS.,Unknown,Article,39,1910,9,84.95
3,Women's Rights,0.8470338847692683,WE_Vol37_1908_Issue3_012_BE_VALIANT_FOR_RIGHTS.txt,Be Valiant for Rights,WOMAN’S EXPONENT,Article,37,1908,3,84.7
3,Women's Rights,0.8415905369972233,WE_Vol32_1903_Issue7_018_HASTE_AND_REST.txt,HASTE AND REST.,Unknown,Article,32,1903,7,84.16
3,Women's Rights,0.8300612921078723,WE_Vol35_1906_Issue4_008_THE_SLEEPING_GIRL.txt,THE SLEEPING GIRL.,Unknown,Article,35,1906,4,83.01
3,Women's Rights,0.8295539097138659,WE_Vol36_1907_Issue7_014_JOTTINGS.txt,Jottings,Unknown,Article,36,1907,7,82.96
3,Women's Rights,0.8285154497093592,WE_Vol41_1912_Issue5_010_THE_NEW_YEAR_1913.txt,The New Year—1913,Unknown,Article,41,1912,5,82.85
3,Women's Rights,0.8191114512287512,WE_Vol40_1911_Issue7_010_TODAY_WHAT_OF_TOMORROW.txt,TODAY—WHAT OF TOMORROW?,Unknown,Article,40,1911,7,81.91
3,Women's Rights,0.812369734925109,WE_Vol33_1904_Issue9_064_EXTRACTS.txt,EXTRACTS.,Unknown,Article,33,1904,9,81.24
4,Moral Fiction,0.9753224098940163,WE_Vol38_1909_Issue5_012_DR_TALMAGE_S_NEW_BOOK.txt,Dr. Talmage’s New Book,Unknown,Article,38,1909,5,97.53
4,Moral Fiction,0.9717634695294195,WE_Vol41_1912_Issue2_028_PICKLED_GRAPES.txt,PICKLED GRAPES.,VINCY R. BARKER,Article,41,1912,2,97.18
4,Moral Fiction,0.9184758977406998,WE_Vol40_1911_Issue5_015_HISTORY_OF_THE_Y_L_M_I_A.txt,History of the Y. L. M. I. A,Unknown,Article,40,1911,5,91.85
4,Moral Fiction,0.9030319394103536,WE_Vol32_1903_Issue12_013_OUR_LITTLE_PAPER.txt,OUR LITTLE PAPER.,Unknown,Article,32,1903,12,90.3
4,Moral Fiction,0.8906017642091908,WE_Vol41_1912_Issue5_020_BOOK_REVIEW.txt,Book Review,VINCY R. BARKER,Article,41,1912,5,89.06
4,Moral Fiction,0.8897840133755257,WE_Vol37_1908_Issue1_009_A_WORD_TO_THE_RELIEF_SOCIETR.txt,A WORD TO THE RELIEF SOCIETR.,Unknown,Article,37,1908,1,88.98
4,Moral Fiction,0.8880092185403196,WE_Vol39_1910_Issue7_012_THE_CITIES_OF_THE_SUN.txt,“THE CITIES OF THE SUN.”,Unknown,Article,39,1910,7,88.8
4,Moral Fiction,0.8633238768907584,WE_Vol38_1909_Issue5_011_THANKSGIVING.txt,Thanksgiving,Unknown,Article,38,1909,5,86.33
4,Moral Fiction,0.8417464229840801,WE_Vol40_1911_Issue5_016_LITERARY_NOTES.txt,Literary Notes,Unknown,Article,40,1911,5,84.17
4,Moral Fiction,0.8375382575992206,WE_Vol36_1907_Issue8_012_SEVENTY_EIGHTH_ANNUAL_CONFERENCE.txt,Seventy-Eighth Annual Conference,Unknown,Board/Meeting,36,1907,8,83.75
4,Moral Fiction,0.8356608405814645,WE_Vol38_1909_Issue9_017_THE_STORY_OF_MORMONISM.txt,“THE STORY OF MORMONISM.”,Unknown,Article,38,1909,9,83.57
4,Moral Fiction,0.8337518286131044,WE_Vol35_1906_Issue8_012_THE_WOMEN_OF_ZION.txt,THE WOMEN OF ZION.,Unknown,Article,35,1906,8,83.38
4,Moral Fiction,0.8287757101672786,WE_Vol33_1904_Issue11_017_HELPFUL_SUGGESTIONS.txt,HELPFUL SUGGESTIONS.,Unknown,Article,33,1904,11,82.88
4,Moral Fiction,0.8221748498535898,WE_Vol39_1910_Issue1_013_SALT_LAKE_CITY_UTAH_JUNE_1910.txt,"SALT LAKE CITY, UTAH. - - JUNE, 1910.",Unknown,Article,39,1910,1,82.22
4,Moral Fiction,0.800735138909752,WE_Vol34_1905_Issue2_016_APOLOGY_AND_EXPLANATION.txt,APOLOGY AND EXPLANATION.,Unknown,Article,34,1905,2,80.07
4,Moral Fiction,0.7818230577308528,WE_Vol36_1907_Issue1_013_THE_NEW_VOLUME_XXXVI.txt,THE NEW VOLUME XXXVI.,Unknown,Article,36,1907,1,78.18
4,Moral Fiction,0.7588501429358867,WE_Vol33_1904_Issue9_014_MARCH_SEVENTEEN.txt,MARCH SEVENTEEN.,A. W. C,Article,33,1904,9,75.89
4,Moral Fiction,0.7540078701221495,WE_Vol41_1912_Issue5_011_ANNUAL_GREETING.txt,Annual Greeting,WOMAN’S EXPONENT,Article,41,1912,5,75.4
4,Moral Fiction,0.747986976806439,WE_Vol34_1905_Issue1_016_AN_IMPORTANT_EVENT.txt,AN IMPORTANT EVENT.,Unknown,Article,34,1905,1,74.8
4,Moral Fiction,0.7465972507001071,WE_Vol35_1906_Issue7_013_THE_RELIEF_SOCIETY.txt,THE RELIEF SOCIETY.,Unknown,Relief Society Report,35,1906,7,74.66
4,Moral Fiction,0.7414042436792219,WE_Vol32_1903_Issue4_016_ZION_IS_GROWING.txt,Zion is Growing,Unknown,Article,32,1903,4,74.14
4,Moral Fiction,0.7310098053842427,WE_Vol40_1911_Issue1_012_THE_FORTIETH_VOLUME.txt,THE FORTIETH VOLUME.,Unknown,Article,40,1911,1,73.1
4,Moral Fiction,0.7235655644443494,WE_Vol41_1912_Issue3_024_NOTES_ABOUT_WOMEN.txt,Notes About Women,VINCY R. BARKER,Article,41,1912,3,72.36
4,Moral Fiction,0.7190839488521444,WE_Vol41_1912_Issue12_010_THE_RELIEF_SOCIETY_OUTLINE.txt,The Relief Society Outline,Unknown,Relief Society Report,41,1912,12,71.91
4,Moral Fiction,0.7089772570716704,WE_Vol37_1908_Issue4_010_EDITORIAL_NOTES.txt,Editorial Notes,WOMAN’S EXPONENT,Editorial,37,1908,4,70.9
5,Community Celebration,0.9755246365013904,WE_Vol32_1903_Issue2_016_MRS_JENNINGS_TEA_PARTY.txt,MRS. JENNINGS’ TEA PARTY.,Unknown,Article,32,1903,2,97.55
5,Community Celebration,0.9749589389111118,WE_Vol33_1904_Issue9_054_A_PLEASANT_BIRTHDAY.txt,A PLEASANT BIRTHDAY.,Unknown,Article,33,1904,9,97.5
5,Community Celebration,0.9707230012799607,WE_Vol37_1908_Issue7_014_BIRTHDAY_PARTY.txt,Birthday Party,Unknown,Article,37,1908,7,97.07
5,Community Celebration,0.9697419535518076,WE_Vol32_1903_Issue1_018_A_HAPPY_GATHERING.txt,A Happy Gathering,Unknown,Article,32,1903,1,96.97
5,Community Celebration,0.9662536083452596,WE_Vol39_1910_Issue2_005_LAWN_PARTY_AND_BANQUET.txt,LAWN PARTY AND BANQUET.,Unknown,Article,39,1910,2,96.63
5,Community Celebration,0.965902196490216,WE_Vol33_1904_Issue8_005_PROGRAM_FOR_UTAH_SOCIETY_DAUGH.txt,PROGRAM FOR UTAH SOCIETY DAUGH-,Unknown,Article,33,1904,8,96.59
5,Community Celebration,0.960719638020277,WE_Vol32_1903_Issue10_005_PROGRAM_U_S_D_R_1904_1905.txt,"PROGRAM U. S. D. R., 1904—1905.",WOMAN’S EXPONENT,Article,32,1903,10,96.07
5,Community Celebration,0.9543641777083137,WE_Vol32_1903_Issue5_012_A_PLEASANT_AFTERNOON.txt,A Pleasant Afternoon,Unknown,Article,32,1903,5,95.44
5,Community Celebration,0.9532823114550149,WE_Vol39_1910_Issue7_014_A_DELIGHTFUL_EVENING.txt,A Delightful Evening,Unknown,Article,39,1910,7,95.33
5,Community Celebration,0.9453502161190706,WE_Vol35_1906_Issue1_015_DAUGHTERS_OF_THE_REVOLUTION.txt,Daughters of the Revolution,Unknown,Article,35,1906,1,94.54
5,Community Celebration,0.9411093295592672,WE_Vol37_1908_Issue7_017_EDITORIAL_NOTES.txt,Editorial Notes,Unknown,Editorial,37,1908,7,94.11
5,Community Celebration,0.9383516786391786,WE_Vol33_1904_Issue1_021_A_HAPPY_BIRTHDAY_PART.txt,A Happy Birthday Part,Unknown,Article,33,1904,1,93.84
5,Community Celebration,0.9372731281131805,WE_Vol39_1910_Issue5_015_A_DELIGHTFUL_BANQUET.txt,A Delightful Banquet,Unknown,Article,39,1910,5,93.73
5,Community Celebration,0.9367344480888411,WE_Vol33_1904_Issue8_009_D_R_S_HONOR_WASHINGTON_S_BIRTHDAY.txt,D. R’S. HONOR WASHINGTON’S BIRTHDAY.,Unknown,Article,33,1904,8,93.67
5,Community Celebration,0.9346208194671389,WE_Vol39_1910_Issue4_001_FRONT_MATTER.txt,FRONT_MATTER,Unknown,Front Matter,39,1910,4,93.46
5,Community Celebration,0.9333607221742121,WE_Vol32_1903_Issue6_021_ANNUAL_MEETING_D_R.txt,ANNUAL MEETING D. R.,Unknown,Board/Meeting,32,1903,6,93.34
5,Community Celebration,0.9266654920005238,WE_Vol38_1909_Issue8_018_EDITORIAL_NOTES.txt,Editorial Notes,WOMAN’S EXPONENT,Editorial,38,1909,8,92.67
5,Community Celebration,0.9259000350910395,WE_Vol32_1903_Issue10_017_BIRTHDAY_ANNIVERSARY.txt,Birthday Anniversary,Unknown,Article,32,1903,10,92.59
5,Community Celebration,0.9221564945703821,WE_Vol33_1904_Issue7_014_D_R_SOCIETY_MEETINGS.txt,D. R. Society Meetings,Unknown,Board/Meeting,33,1904,7,92.22
5,Community Celebration,0.9208902687460364,WE_Vol33_1904_Issue3_043_SEPTEMBER_MEETING_D_R.txt,"SEPTEMBER MEETING, D. R,",WOMAN’S EXPONENT,Board/Meeting,33,1904,3,92.09
5,Community Celebration,0.9158127486023164,WE_Vol35_1906_Issue6_016_UTAH_WOMAN_S_PRESS_CLUB.txt,UTAH WOMAN’S PRESS CLUB.,"MARIA FRANCIS,",Article,35,1906,6,91.58
5,Community Celebration,0.9113016315216712,WE_Vol35_1906_Issue4_005_THE_LAWN_RELIEF_SOCIETY_SOCIAL.txt,THE LAWN RELIEF SOCIETY SOCIAL.,Unknown,Relief Society Report,35,1906,4,91.13
5,Community Celebration,0.9106307611114083,WE_Vol33_1904_Issue11_016_A_HAPPY_ANNIVERSARY.txt,A HAPPY ANNIVERSARY.,Unknown,Article,33,1904,11,91.06
5,Community Celebration,0.9071500692667426,WE_Vol36_1907_Issue8_013_EDITORIAL_NOTES.txt,Editorial Notes,Unknown,Editorial,36,1907,8,90.72
5,Community Celebration,0.9039129746695942,WE_Vol37_1908_Issue3_003_JOSEPHINE_SPENCER.txt,JOSEPHINE SPENCER.,JOSEPHINE SPENCER,Article,37,1908,3,90.39
6,International Women's Councils,0.9878077307256756,WE_Vol41_1912_Issue14_007_FRUIT_CAKE.txt,FRUIT CAKE.,Unknown,Article,41,1912,14,98.78
6,International Women's Councils,0.9856143181239989,WE_Vol32_1903_Issue2_030_OBSTETRICS_AND_NURSING.txt,OBSTETRICS and NURSING.,Unknown,Article,32,1903,2,98.56
6,International Women's Councils,0.9851905300110619,WE_Vol33_1904_Issue9_027_R_K_THOMAS_DRY_GOODS_CO.txt,R. K. THOMAS DRY GOODS CO.,Unknown,Article,33,1904,9,98.52
6,International Women's Councils,0.9847668478480119,WE_Vol33_1904_Issue11_031_R_K_THOMAS_DRY_GOODS_CO.txt,R. K. THOMAS DRY GOODS CO.,Unknown,Article,33,1904,11,98.48
6,International Women's Councils,0.984639721979607,WE_Vol32_1903_Issue6_034_R_K_THOMAS_DRY_GOODS_CO.txt,R. K. THOMAS DRY GOODS CO.,Unknown,Article,32,1903,6,98.46
6,International Women's Councils,0.9844818846350861,WE_Vol35_1906_Issue3_024_R_K_THOMAS_DRY_GOODS_CO.txt,R. K. THOMAS DRY GOODS CO.,Unknown,Article,35,1906,3,98.45
6,International Women's Councils,0.9843936955716445,WE_Vol33_1904_Issue1_035_DR_ELLIS_R_SHIPP.txt,DR. ELLIS R. SHIPP,CLASS IN MIDWIFERY,Article,33,1904,1,98.44
6,International Women's Councils,0.9841987628287671,WE_Vol33_1904_Issue8_025_R_K_THOMAS_DRY_GOODS_CO.txt,R. K. THOMAS DRY GOODS CO.,Unknown,Article,33,1904,8,98.42
6,International Women's Councils,0.9841355002566684,WE_Vol34_1905_Issue10_024_R_K_THOMAS_DRY_GOODS_CO.txt,R. K. THOMAS DRY GOODS CO.,WOMAN’S EXPONENT,Article,34,1905,10,98.41
6,International Women's Councils,0.9839123237790672,WE_Vol32_1903_Issue2_057_DR_MARGARET_C_ROBERTS.txt,DR. MARGARET C. ROBERTS,Unknown,Article,32,1903,2,98.39
6,International Women's Councils,0.98366243524604835,WE_Vol32_1903_Issue10_025_R_K_THOMAS_DRY_GOODS_CO.txt,R. K. THOMAS DRY GOODS CO.,Unknown,Article,32,1903,10,98.37
6,International Women's Councils,0.98366243524604835,WE_Vol32_1903_Issue11_023_R_K_THOMAS_DRY_GOODS_CO.txt,R. K. THOMAS DRY GOODS CO.,Unknown,Article,32,1903,11,98.37
6,International Women's Councils,0.98366243524604835,WE_Vol32_1903_Issue8_051_R_K_THOMAS_DRY_GOODS_CO.txt,R. K. THOMAS DRY GOODS CO.,Unknown,Article,32,1903,8,98.37
6,International Women's Councils,0.9833779617486039,WE_Vol32_1903_Issue1_033_R_K_THOMAS_DRY_GOODS_CO.txt,R. K. THOMAS DRY GOODS CO.,Unknown,Article,32,1903,1,98.34
6,International Women's Councils,0.9833779617486039,WE_Vol32_1903_Issue5_017_R_K_THOMAS_DRY_GOODS_CO.txt,R. K. THOMAS DRY GOODS CO.,Unknown,Article,32,1903,5,98.34
6,International Women's Councils,0.98323564171374,WE_Vol34_1905_Issue5_019_COLUMN_1_R_K_THOMAS_DRY_GOODS_CO.txt,[Column 1]				R. K. THOMAS DRY GOODS CO.,Unknown,Article,34,1905,5,98.32
6,International Women's Councils,0.9831883937410306,WE_Vol34_1905_Issue2_028_DR_MARGARET_C_ROBERTS.txt,DR. MARGARET C. ROBERTS,Unknown,Article,34,1905,2,98.32
6,International Women's Councils,0.9830424928288208,WE_Vol34_1905_Issue7_025_R_K_THOMAS_DRY_GOODS_CO.txt,R. K. THOMAS DRY GOODS CO.,Unknown,Article,34,1905,7,98.3
6,International Women's Councils,0.9830424928288208,WE_Vol34_1905_Issue8_019_R_K_THOMAS_DRY_GOODS_CO.txt,R. K. THOMAS DRY GOODS CO.,Unknown,Article,34,1905,8,98.3
6,International Women's Councils,0.982985426940625,WE_Vol35_1906_Issue1_019_R_K_THOMAS_DRY_GOODS_CO.txt,R. K. THOMAS DRY GOODS CO.,Unknown,Article,35,1906,1,98.3
6,International Women's Councils,0.9817765248592574,WE_Vol33_1904_Issue9_066_TRY_US.txt,TRY US,Unknown,Article,33,1904,9,98.18
6,International Women's Councils,0.9812429721283659,WE_Vol32_1903_Issue7_006_ANNIE_WELLS_CANNON.txt,ANNIE WELLS CANNON.,Unknown,Article,32,1903,7,98.12
6,International Women's Councils,0.9811316941377581,WE_Vol41_1912_Issue3_008_20_WOMAN_S_EXPONENT.txt,20			WOMAN’S EXPONENT.,Unknown,Article,41,1912,3,98.11
6,International Women's Councils,0.9811139831413681,WE_Vol38_1909_Issue6_009_LYDIA_D_ALDER_2.txt,LYDIA D. ALDER.,Unknown,Article,38,1909,6,98.11
6,International Women's Councils,0.9810105620146219,WE_Vol36_1907_Issue4_011_ANNIE_H_LITTLEWOOD_ASST_SEC_Y.txt,"ANNIE H. LITTLEWOOD, Asst. Sec’y.",Unknown,Article,36,1907,4,98.1
7,Women in Humanitarian/Benevolence Work,0.9912436666216817,WE_Vol41_1912_Issue14_015_CAPITAL_CITIES_IN_COLONIAL_DAYS.txt,Capital Cities in Colonial Days,Unknown,Article,41,1912,14,99.12
7,Women in Humanitarian/Benevolence Work,0.9826020716323757,WE_Vol33_1904_Issue11_005_THE_POLYTECHNIC_INSTITUTION.txt,THE POLYTECHNIC INSTITUTION.,very few people in this country is it,Article,33,1904,11,98.26
7,Women in Humanitarian/Benevolence Work,0.9348101191766338,WE_Vol32_1903_Issue1_004_CERTIFIED_FAC_SIMILES_BEING_PREPARED.txt,CERTIFIED FAC SIMILES BEING PREPARED.,Unknown,Article,32,1903,1,93.48
7,Women in Humanitarian/Benevolence Work,0.9091752948593862,WE_Vol32_1903_Issue8_017_WOMEN_IN_ART_AT_THE_EXPOSITION.txt,WOMEN IN ART AT THE EXPOSITION.,Unknown,Article,32,1903,8,90.92
7,Women in Humanitarian/Benevolence Work,0.9031858977143489,WE_Vol33_1904_Issue11_029_UTAH_COMMISSION_LEWIS_AND_CLARK.txt,"UTAH COMMISSION, LEWIS AND CLARK",WOMAN’S EXPONENT,Article,33,1904,11,90.32
7,Women in Humanitarian/Benevolence Work,0.8771487221831092,WE_Vol40_1911_Issue8_003_CLARA_BARTON_AND_THE_RED_CROSS.txt,CLARA BARTON AND THE RED CROSS.,Unknown,Article,40,1911,8,87.71
7,Women in Humanitarian/Benevolence Work,0.8700762491267943,WE_Vol39_1910_Issue1_022_THE_FIRST_WOMAN_PHYSICIAN.txt,The First Woman Physician,Unknown,Article,39,1910,1,87.01
7,Women in Humanitarian/Benevolence Work,0.868618264836014,WE_Vol34_1905_Issue4_004_MARY_A_LIVERMORE.txt,Mary A. Livermore,Unknown,Article,34,1905,4,86.86
7,Women in Humanitarian/Benevolence Work,0.8493021880464467,WE_Vol32_1903_Issue5_020_DOT_ATKINSON_SEC_Y.txt,"DOT ATKINSON, Sec’y.",the Edwards centennial,Article,32,1903,5,84.93
7,Women in Humanitarian/Benevolence Work,0.8472657951050325,WE_Vol33_1904_Issue9_033_THE_DOME_BERLIN.txt,THE DOME BERLIN.,LYDIA D. ALDER,Article,33,1904,9,84.73
7,Women in Humanitarian/Benevolence Work,0.824960198895167,WE_Vol33_1904_Issue1_011_THE_THIRD_FOURTH_FIFTH_AND.txt,"THE THIRD, FOURTH, FIFTH, AND",Unknown,Article,33,1904,1,82.5
7,Women in Humanitarian/Benevolence Work,0.7900644155146151,WE_Vol38_1909_Issue5_015_MRS_ADELINE_F_FITZ_PRESIDENT_GEN.txt,"MRS. ADELINE F. FITZ, PRESIDENT-GEN.",WOMAN’S EXPONENT,Article,38,1909,5,79.01
7,Women in Humanitarian/Benevolence Work,0.7744934876663303,WE_Vol41_1912_Issue5_004_NEWS_LETTER.txt,News Letter,WOMAN’S EXPONENT,Correspondence,41,1912,5,77.45
7,Women in Humanitarian/Benevolence Work,0.7742607973836761,WE_Vol32_1903_Issue10_008_LADY_WARWICK_AND_DAUGHTER.txt,Lady Warwick and Daughter,Unknown,Article,32,1903,10,77.43
7,Women in Humanitarian/Benevolence Work,0.7738431507875633,WE_Vol39_1910_Issue2_004_FLORENCE_NIGHTINGALE.txt,FLORENCE NIGHTINGALE.,WOMAN’S EXPONENT,Article,39,1910,2,77.38
7,Women in Humanitarian/Benevolence Work,0.740404161336121,WE_Vol36_1907_Issue3_029_AN_OBJECT_LESSON.txt,AN OBJECT LESSON.,Unknown,Article,36,1907,3,74.04
7,Women in Humanitarian/Benevolence Work,0.7323093520824022,WE_Vol41_1912_Issue1_004_THE_TRAINING_SCHOOL_FOR_NURSES.txt,The Training School for Nurses,Unknown,Article,41,1912,1,73.23
7,Women in Humanitarian/Benevolence Work,0.7212902981404123,WE_Vol35_1906_Issue5_014_UNVEILING_OF_BRONZE_TABLET.txt,UNVEILING OF BRONZE TABLET.,Unknown,Article,35,1906,5,72.13
7,Women in Humanitarian/Benevolence Work,0.7026891367350914,WE_Vol40_1911_Issue8_014_FOREIGN_LANGUAGES.txt,FOREIGN LANGUAGES.,Unknown,Article,40,1911,8,70.27
7,Women in Humanitarian/Benevolence Work,0.6928807352952311,WE_Vol39_1910_Issue4_014_JULIA_WARD_HOWE.txt,JULIA WARD HOWE.,WOMAN’S EXPONENT,Article,39,1910,4,69.29
7,Women in Humanitarian/Benevolence Work,0.6777963944926223,WE_Vol33_1904_Issue6_003_THE_NEW_L_D_S_HOSPITAL.txt,THE NEW L. D. S. HOSPITAL.,Unknown,Article,33,1904,6,67.78
7,Women in Humanitarian/Benevolence Work,0.6768039435705732,WE_Vol35_1906_Issue6_032_ANTHONY_HOUSE_BURNED.txt,Anthony House Burned,Unknown,Article,35,1906,6,67.68
7,Women in Humanitarian/Benevolence Work,0.669628757482565,WE_Vol35_1906_Issue1_020_UNDERGROUND_WATERS_OF_THE_VAL.txt,UNDERGROUND WATERS OF THE VAL-,WOMAN’S EXPONENT,Article,35,1906,1,66.96
7,Women in Humanitarian/Benevolence Work,0.6613593324795891,WE_Vol32_1903_Issue12_023_YELLOW_PURPLE_WHITE.txt,"Yellow, Purple, White","ISABEL M. W. SEARS,",Article,32,1903,12,66.14
7,Women in Humanitarian/Benevolence Work,0.6569627642071686,WE_Vol36_1907_Issue3_028_NOTES_AND_NEWS_2.txt,NOTES AND NEWS.,Unknown,Article,36,1907,3,65.7
8,Tributes and Biographies of Women,0.9959744857300682,WE_Vol35_1906_Issue9_012_RESOLUTIONS.txt,RESOLUTIONS:,"ZELLA LITCHFIELD,",Resolution,35,1906,9,99.6
8,Tributes and Biographies of Women,0.9957120205399129,WE_Vol32_1903_Issue10_019_RESOLUTIONS_OF_RESPECT.txt,Resolutions of Respect,Unknown,Resolution,32,1903,10,99.57
8,Tributes and Biographies of Women,0.995547573564915,WE_Vol32_1903_Issue5_019_BIOGRAPHY_AND_RESOLUTION.txt,Biography and Resolution,Unknown,Resolution,32,1903,5,99.55
8,Tributes and Biographies of Women,0.9954433841505159,WE_Vol32_1903_Issue11_020_RESOLUTIONS_OF_RESPECT.txt,Resolutions of Respect,Unknown,Resolution,32,1903,11,99.54
8,Tributes and Biographies of Women,0.9951670746920667,WE_Vol36_1907_Issue7_021_RESOLUTIONS_OF_RESPECT.txt,Resolutions of Respect,Unknown,Resolution,36,1907,7,99.52
8,Tributes and Biographies of Women,0.9950616793845816,WE_Vol33_1904_Issue11_028_RESOLUTIONS_2.txt,RESOLUTIONS:,"EMMA POULSEN,",Resolution,33,1904,11,99.51
8,Tributes and Biographies of Women,0.9947156548979106,WE_Vol36_1907_Issue6_007_RESOLUTIONS_OF_RFSPECT_EOR_SISTER.txt,RESOLUTIONS OF RFSPECT EOR SISTER,Unknown,Resolution,36,1907,6,99.47
8,Tributes and Biographies of Women,0.9946233823442835,WE_Vol36_1907_Issue6_020_RESOLUTIONS.txt,RESOLUTIONS.,Unknown,Resolution,36,1907,6,99.46
8,Tributes and Biographies of Women,0.9944689529160476,WE_Vol32_1903_Issue1_029_RESOLUTIONS_OF_RESPECT_3.txt,RESOLUTIONS OF RESPECT,"MARGARET M. WATSON,",Resolution,32,1903,1,99.45
8,Tributes and Biographies of Women,0.9943635097823454,WE_Vol34_1905_Issue9_027_RESOLUTIONS.txt,RESOLUTIONS.,Unknown,Resolution,34,1905,9,99.44
8,Tributes and Biographies of Women,0.9943478908783637,WE_Vol33_1904_Issue11_026_RESOLUTIONS.txt,RESOLUTIONS.,Unknown,Resolution,33,1904,11,99.43
8,Tributes and Biographies of Women,0.9939754962610199,WE_Vol36_1907_Issue9_015_RESOLUTIONS_OE_RFSPEET.txt,RESOLUTIONS OE RFSPEET.,MARIAH J. BRYNER,Resolution,36,1907,9,99.4
8,Tributes and Biographies of Women,0.993951109226514,WE_Vol41_1912_Issue9_006_OBITUARY.txt,OBITUARY.,Unknown,Obituary,41,1912,9,99.4
8,Tributes and Biographies of Women,0.9938390824212666,WE_Vol41_1912_Issue1_019_RESOLUTIONS_IN_HONOR_OF_SISTER_ELIZA_ANN.txt,RESOLUTIONS IN HONOR OF SISTER ELIZA ANN,"JAMIMA HOOD,",Resolution,41,1912,1,99.38
8,Tributes and Biographies of Women,0.9936334104904802,WE_Vol32_1903_Issue1_023_RESOLUTIONS_OF_RESPECT.txt,RESOLUTIONS OF RESPECT.,"ESTHER OPENSHAW,",Resolution,32,1903,1,99.36
8,Tributes and Biographies of Women,0.9935826176163576,WE_Vol32_1903_Issue4_006_RESOLUTIONS_OF_RESPECT.txt,RESOLUTIONS OF RESPECT.,"OLIVE KIMBALL,",Resolution,32,1903,4,99.36
8,Tributes and Biographies of Women,0.9935455229998243,WE_Vol34_1905_Issue10_019_RESOLUTIONS_OF_RESPECT.txt,RESOLUTIONS OF RESPECT.,"HANNAH OHLSEN,",Resolution,34,1905,10,99.35
8,Tributes and Biographies of Women,0.9935198879328753,WE_Vol33_1904_Issue5_017_RESOLUTIONS.txt,RESOLUTIONS.,"EMMA FEATHERSTONE,",Resolution,33,1904,5,99.35
8,Tributes and Biographies of Women,0.9934796013157485,WE_Vol34_1905_Issue9_029_RESOLUTIONS_2.txt,RESOLUTIONS.,Unknown,Resolution,34,1905,9,99.35
8,Tributes and Biographies of Women,0.9933088928287376,WE_Vol38_1909_Issue1_025_OBITUARY.txt,Obituary,Unknown,Obituary,38,1909,1,99.33
8,Tributes and Biographies of Women,0.9932792708244056,WE_Vol32_1903_Issue6_023_RESOLUTIONS_OF_RESPECT.txt,RESOLUTIONS OF RESPECT.,Unknown,Resolution,32,1903,6,99.33
8,Tributes and Biographies of Women,0.9932475816511201,WE_Vol38_1909_Issue9_022_OBITUARY.txt,Obituary,Unknown,Obituary,38,1909,9,99.32
8,Tributes and Biographies of Women,0.993157818016184,WE_Vol35_1906_Issue6_014_RESOLUTIONS_OF_RESPECT.txt,Resolutions of Respect,"MARY E. IRVINE,",Resolution,35,1906,6,99.32
8,Tributes and Biographies of Women,0.9928322940635569,WE_Vol36_1907_Issue3_025_RESOLUTIONS_OF_RESPECT_FOR_SISTER_ELIZABETH.txt,RESOLUTIONS OF RESPECT FOR SISTER ELIZABETH,Unknown,Resolution,36,1907,3,99.28
8,Tributes and Biographies of Women,0.9924054677915982,WE_Vol36_1907_Issue8_018_RESOLUTIONS.txt,Resolutions,"R. ALICE MCBRIDE,",Resolution,36,1907,8,99.24
9,Memoriam and Obituaries,0.952861754509509,WE_Vol37_1908_Issue7_012_IN_MEMORIAM_2.txt,IN MEMORIAM.,WOMAN’S EXPONENT,Article,37,1908,7,95.29
9,Memoriam and Obituaries,0.944627067001724,WE_Vol37_1908_Issue1_010_IN_MEMORIAM_2.txt,In Memoriam,Unknown,Article,37,1908,1,94.46
9,Memoriam and Obituaries,0.9370047803062093,WE_Vol39_1910_Issue6_025_BIOGRAPHICAL.txt,BIOGRAPHICAL.,WOMAN’S EXPONENT,Article,39,1910,6,93.7
9,Memoriam and Obituaries,0.9317436342410508,WE_Vol32_1903_Issue8_021_A_TRIBUTE_OF_LOVE_TO_MARY_A_H_BURNHAM.txt,A TRIBUTE OF LOVE TO MARY A. H. BURNHAM.,Unknown,Article,32,1903,8,93.17
9,Memoriam and Obituaries,0.9067968167283927,WE_Vol38_1909_Issue2_016_LAURA_M_HYDE_MINER.txt,LAURA M. HYDE MINER.,WOMAN’S EXPONENT,Article,38,1909,2,90.68
9,Memoriam and Obituaries,0.888888850805047,WE_Vol39_1910_Issue2_016_A_TRIBUTE.txt,A TRIBUTE,JULIA P. M. FARNSWORTH,Article,39,1910,2,88.89
9,Memoriam and Obituaries,0.8233803887669814,WE_Vol32_1903_Issue2_009_IN_MEMORIAM.txt,IN MEMORIAM.,E. B. W,Article,32,1903,2,82.34
9,Memoriam and Obituaries,0.8076260843749539,WE_Vol36_1907_Issue9_013_IN_MEMORIAM_2.txt,In Memoriam,Unknown,Article,36,1907,9,80.76
9,Memoriam and Obituaries,0.8011965637970385,WE_Vol33_1904_Issue2_009_IN_MEMORIAM.txt,IN MEMORIAM.,Unknown,Article,33,1904,2,80.12
9,Memoriam and Obituaries,0.7927566231056415,WE_Vol38_1909_Issue2_003_IN_MEMORIAM.txt,IN MEMORIAM.,E. B. W,Article,38,1909,2,79.28
9,Memoriam and Obituaries,0.7911749355241584,WE_Vol33_1904_Issue6_009_PRESIDENT_Y_L_N_M_I_A.txt,PRESIDENT Y. L. N. M. I. A.,Unknown,Article,33,1904,6,79.12
9,Memoriam and Obituaries,0.7808971007146662,WE_Vol36_1907_Issue8_003_L_D_S_WOMEN_OF_THE_PAST.txt,L. D. S. WOMEN OF THE PAST.,EMMELINE B. WELLS,Article,36,1907,8,78.09
9,Memoriam and Obituaries,0.7788891592818235,WE_Vol34_1905_Issue10_015_ELIZABETH_J_STEVENSON.txt,Elizabeth J. Stevenson,WOMAN’S EXPONENT,Article,34,1905,10,77.89
9,Memoriam and Obituaries,0.7763577873043964,WE_Vol37_1908_Issue3_004_L_D_S_WOMEN_OF_THE_PAST.txt,L. D. S. WOMEN OF THE PAST.,EMMELINE B. WELLS,Article,37,1908,3,77.64
9,Memoriam and Obituaries,0.775628351284061,WE_Vol36_1907_Issue7_002_L_D_S_WOMEN_OF_THE_PAST.txt,L. D. S. WOMEN OF THE PAST.,EMMELINE B. WELLS,Article,36,1907,7,77.56
9,Memoriam and Obituaries,0.7747450148946136,WE_Vol37_1908_Issue7_004_A_TRIBUTE_TO_SISTER_HYDE.txt,A TRIBUTE TO SISTER HYDE.,Unknown,Article,37,1908,7,77.47
9,Memoriam and Obituaries,0.7680890383253745,WE_Vol37_1908_Issue6_019_IN_MEMORIAM.txt,IN MEMORIAM.,WOMAN’S EXPONENT,Article,37,1908,6,76.81
9,Memoriam and Obituaries,0.767439983081571,WE_Vol37_1908_Issue6_011_A_TRIBUTE.txt,A TRIBUTE.,Unknown,Article,37,1908,6,76.74
9,Memoriam and Obituaries,0.7554616270370649,WE_Vol36_1907_Issue5_019_IN_MEMORIAM.txt,In Memoriam,WOMAN’S EXPONENT,Article,36,1907,5,75.55
9,Memoriam and Obituaries,0.7547839004796916,WE_Vol38_1909_Issue9_015_A_TRIBUTE.txt,A TRIBUTE.,Unknown,Article,38,1909,9,75.48
9,Memoriam and Obituaries,0.7481290181149945,WE_Vol34_1905_Issue4_017_TRULY_A_MOTHER_IN_ISRAEL.txt,TRULY A MOTHER IN ISRAEL.,Unknown,Article,34,1905,4,74.81
9,Memoriam and Obituaries,0.7432603532589659,WE_Vol39_1910_Issue3_005_A_LOVING_TRIBUTE.txt,A LOVING TRIBUTE.,WOMAN’S EXPONENT,Article,39,1910,3,74.33
9,Memoriam and Obituaries,0.739299556395341,WE_Vol37_1908_Issue5_010_MARIA_WEALTHY_RICHARDS_WILCOX_2.txt,MARIA WEALTHY RICHARDS WILCOX.,Unknown,Article,37,1908,5,73.93
9,Memoriam and Obituaries,0.7378607712240111,WE_Vol41_1912_Issue4_004_ELIZABETH_ANN_WHITNEY.txt,ELIZABETH ANN WHITNEY.,WOMAN’S EXPONENT,Article,41,1912,4,73.79
9,Memoriam and Obituaries,0.6969661372836916,WE_Vol37_1908_Issue2_010_IN_MEMORIAM.txt,IN MEMORIAM.,Unknown,Article,37,1908,2,69.7
10,Literature and Poetry,0.996060899287691,WE_Vol41_1912_Issue4_017_ONE_CHRISTMAS_EVE.txt,ONE CHRISTMAS EVE.,Unknown,Article,41,1912,4,99.61
10,Literature and Poetry,0.9950095219917177,WE_Vol35_1906_Issue6_006_A_CHRISTMAS_ROMANCE.txt,A CHRISTMAS ROMANCE.,Unknown,Article,35,1906,6,99.5
10,Literature and Poetry,0.994719938083174,WE_Vol41_1912_Issue9_002_AUNT_ESTHER_S_SWEETHEART.txt,AUNT ESTHER’S SWEETHEART.,Unknown,Article,41,1912,9,99.47
10,Literature and Poetry,0.99311024928672,WE_Vol33_1904_Issue6_005_MUSTY_LEAVES_BROWN_WITH_AGE.txt,"MUSTY LEAVES, BROWN WITH AGE.",Unknown,Article,33,1904,6,99.31
10,Literature and Poetry,0.9684864123416506,WE_Vol33_1904_Issue6_006_MUSTY_LEAVES_BROWN_WITH_AGE_2.txt,"MUSTY LEAVES, BROWN WITH AGE.",Unknown,Article,33,1904,6,96.85
10,Literature and Poetry,0.9405318103577679,WE_Vol41_1912_Issue11_004_AUNT_ESTHER_S_SWEETHEART.txt,Aunt Esther’s Sweetheart,Unknown,Article,41,1912,11,94.05
10,Literature and Poetry,0.9319342542907739,WE_Vol41_1912_Issue7_005_AN_AUDIENCE_WITH_THE_POPE.txt,AN AUDIENCE WITH THE POPE.,G. B. W,Article,41,1912,7,93.19
10,Literature and Poetry,0.9150202471632631,WE_Vol41_1912_Issue1_017_SOME_OLD_LOVE_LETTERS.txt,Some Old Love Letters,Unknown,Correspondence,41,1912,1,91.5
10,Literature and Poetry,0.9119350660603807,WE_Vol40_1911_Issue1_021_HOUSEHOLD_HINTS.txt,HOUSEHOLD HINTS.,Unknown,Article,40,1911,1,91.19
10,Literature and Poetry,0.9107686995355104,WE_Vol33_1904_Issue7_017_MUSTY_LEAVES_BROWN_WITH_AGE.txt,"MUSTY LEAVES, BROWN WITH AGE.",E. B. W,Article,33,1904,7,91.08
10,Literature and Poetry,0.8917717161111697,WE_Vol41_1912_Issue3_006_THANKSGIVING_DAY_HALF_A_CEN.txt,THANKSGIVING DAY HALF A CEN-,Unknown,Article,41,1912,3,89.18
10,Literature and Poetry,0.887266530243685,WE_Vol32_1903_Issue7_004_THE_PIONEER_CHRISTMAS.txt,THE PIONEER CHRISTMAS.,Unknown,Article,32,1903,7,88.73
10,Literature and Poetry,0.885792775816675,WE_Vol33_1904_Issue6_010_AN_ARIZONA_CHRISTMAS.txt,AN ARIZONA CHRISTMAS.,Unknown,Article,33,1904,6,88.58
10,Literature and Poetry,0.8834304034965589,WE_Vol38_1909_Issue4_024_TANTE_RORA.txt,TANTE RORA.,Unknown,Article,38,1909,4,88.34
10,Literature and Poetry,0.8775014976287502,WE_Vol37_1908_Issue7_007_GRANDMOTHER_S_FAN.txt,GRANDMOTHER’S FAN.,Unknown,Article,37,1908,7,87.75
10,Literature and Poetry,0.8698768418191364,WE_Vol32_1903_Issue7_005_THE_PIONEER_CHRISTMAS_2.txt,THE PIONEER CHRISTMAS.,Unknown,Article,32,1903,7,86.99
10,Literature and Poetry,0.864306804917142,WE_Vol40_1911_Issue6_006_AUNT_MYRAM_S_GARDEN.txt,AUNT MYRAM’S GARDEN.,"MELL C. WOODS,",Article,40,1911,6,86.43
10,Literature and Poetry,0.8615559567957075,WE_Vol35_1906_Issue6_007_A_CHRISTMAS_ROMANCE_2.txt,A CHRISTMAS ROMANCE.,Unknown,Article,35,1906,6,86.16
10,Literature and Poetry,0.8506522883682847,WE_Vol40_1911_Issue4_004_TRANSPLANTED_A_THANKSGIVING.txt,TRANSPLANTED—A THANKSGIVING,Unknown,Article,40,1911,4,85.07
10,Literature and Poetry,0.8452643488159506,WE_Vol41_1912_Issue12_014_AUNT_BETSY_S_LEGACY.txt,AUNT BETSY’S LEGACY.,Unknown,Article,41,1912,12,84.53
10,Literature and Poetry,0.8170782329912596,WE_Vol33_1904_Issue8_011_TODENFEST.txt,TODENFEST.,Unknown,Article,33,1904,8,81.71
10,Literature and Poetry,0.8085670870063517,WE_Vol40_1911_Issue4_005_TANTE_DORETTE.txt,TANTE DORETTE.,Unknown,Article,40,1911,4,80.86
10,Literature and Poetry,0.7661227841405215,WE_Vol34_1905_Issue10_008_GROWING_YOUNG.txt,GROWING YOUNG.,A. W. C,Article,34,1905,10,76.61
10,Literature and Poetry,0.7424914934405034,WE_Vol37_1908_Issue5_023_LAVENDER.txt,LAVENDER.,ETHEL WEBLING,Article,37,1908,5,74.25
10,Literature and Poetry,0.7415688787605241,WE_Vol36_1907_Issue5_021_CHRISTMAS_AGAIN.txt,Christmas Again,Unknown,Article,36,1907,5,74.16
11,Pioneer Women Legacy,0.9956959860911726,WE_Vol38_1909_Issue3_004_AUTOBIOGRAPHY.txt,Autobiography,WOMAN’S EXPONENT,Article,38,1909,3,99.57
11,Pioneer Women Legacy,0.9947607958293824,WE_Vol38_1909_Issue7_024_AUTOBIOGRAPHY.txt,AUTOBIOGRAPHY.,Unknown,Article,38,1909,7,99.48
11,Pioneer Women Legacy,0.9934084409998576,WE_Vol39_1910_Issue6_027_SKETCH_OF_JULIA_P_LINDSAY.txt,Sketch of Julia P. Lindsay,Unknown,Article,39,1910,6,99.34
11,Pioneer Women Legacy,0.9899216588740323,WE_Vol38_1909_Issue4_005_AUTOBIOGRAPHY.txt,AUTOBIOGRAPHY.,Unknown,Article,38,1909,4,98.99
11,Pioneer Women Legacy,0.9895953384109168,WE_Vol37_1908_Issue7_006_REMINISCENCES_OF_NAUVOO.txt,REMINISCENCES OF NAUVOO.,WOMAN’S EXPONENT,Article,37,1908,7,98.96
11,Pioneer Women Legacy,0.9887071643063053,WE_Vol39_1910_Issue2_014_A_SKETCH_OF_THE_LIFE_OF_EUNICE.txt,A SKETCH OF THE LIFE OF EUNICE,Unknown,Article,39,1910,2,98.87
11,Pioneer Women Legacy,0.9874508262515487,WE_Vol37_1908_Issue6_003_REMINISCENSES_OF_NAUVOO.txt,REMINISCENSES OF NAUVOO.,Unknown,Article,37,1908,6,98.75
11,Pioneer Women Legacy,0.9866053206554493,WE_Vol39_1910_Issue8_023_SKETCH_OF_JULIA_P_LINDSAY.txt,Sketch of Julia P. Lindsay,WOMAN’S EXPONENT,Article,39,1910,8,98.66
11,Pioneer Women Legacy,0.9859055339318227,WE_Vol40_1911_Issue3_009_LIFE_SKETCH.txt,LIFE SKETCH.,Unknown,Article,40,1911,3,98.59
11,Pioneer Women Legacy,0.9858423728347063,WE_Vol39_1910_Issue4_019_LUCY_WALKER_KIMBALL.txt,LUCY WALKER KIMBALL.,Unknown,Article,39,1910,4,98.58
11,Pioneer Women Legacy,0.9842026537511005,WE_Vol38_1909_Issue5_022_AUTOBIOGRAPHY.txt,AUTOBIOGRAPHY.,Unknown,Article,38,1909,5,98.42
11,Pioneer Women Legacy,0.9726363682439155,WE_Vol33_1904_Issue7_004_SKETCH_OF_THE_LIFE_OF_ELIZABETH_H.txt,SKETCH OF THE LIFE OF ELIZABETH H.,E. H. H,Article,33,1904,7,97.26
11,Pioneer Women Legacy,0.970849664764945,WE_Vol38_1909_Issue8_026_AUTOBIOGRAPHY.txt,AUTOBIOGRAPHY.,Unknown,Article,38,1909,8,97.08
11,Pioneer Women Legacy,0.9626371769552245,WE_Vol40_1911_Issue6_022_SKETCHES_FROM_THE_LIFE_OF.txt,SKETCHES FROM THE LIFE OF,Unknown,Article,40,1911,6,96.26
11,Pioneer Women Legacy,0.9543993298935501,WE_Vol38_1909_Issue2_019_AUTOBIOGRAPHY.txt,AUTOBIOGRAPHY.,WOMAN’S EXPONENT,Article,38,1909,2,95.44
11,Pioneer Women Legacy,0.9504460337882996,WE_Vol38_1909_Issue6_027_AUTOBIOGRAPHY.txt,AUTOBIOGRAPHY.,Unknown,Article,38,1909,6,95.04
11,Pioneer Women Legacy,0.9463091608365437,WE_Vol39_1910_Issue3_021_MY_TRIP_TO_MANTI.txt,MY TRIP TO MANTI.,WOMAN’S EXPONENT,Article,39,1910,3,94.63
11,Pioneer Women Legacy,0.9449053376133815,WE_Vol33_1904_Issue9_005_BIOGRAPHICAL_SKETCH.txt,BIOGRAPHICAL SKETCH.,Unknown,Article,33,1904,9,94.49
11,Pioneer Women Legacy,0.9301892638903954,WE_Vol39_1910_Issue3_020_A_SKETCH_OF_THE_LIFE_OF_EUNICE.txt,A SKETCH OF THE LIFE OF EUNICE,Unknown,Article,39,1910,3,93.02
11,Pioneer Women Legacy,0.9178339898323183,WE_Vol35_1906_Issue3_008_JOURNEY_ACROSS_THE_SEA_AND_PLAINS.txt,Journey Across the Sea and Plains,BETSY SMITH GOODWIN,Article,35,1906,3,91.78
11,Pioneer Women Legacy,0.9114971774984075,WE_Vol39_1910_Issue5_003_LUCY_WALKER_KIMBALL.txt,Lucy Walker Kimball,Unknown,Article,39,1910,5,91.15
11,Pioneer Women Legacy,0.891299254040331,WE_Vol37_1908_Issue8_016_INCIDENTS_IN_THE_LIFE_OF_LYDIA_POND.txt,INCIDENTS IN THE LIFE OF LYDIA POND,Unknown,Article,37,1908,8,89.13
11,Pioneer Women Legacy,0.8504615640122782,WE_Vol36_1907_Issue7_009_A_WOMAN_S_TESTIMONY.txt,A WOMAN'S TESTIMONY.,Unknown,Article,36,1907,7,85.05
11,Pioneer Women Legacy,0.8115006993863497,WE_Vol38_1909_Issue9_019_BRIEF_HISTORY_OF_A_FAMOUS_WOMAN.txt,Brief History of a Famous Woman,Unknown,Article,38,1909,9,81.15
11,Pioneer Women Legacy,0.7826479760071829,WE_Vol38_1909_Issue3_012_REMINISCE_CES.txt,REMINISCE CES.,WOMAN’S EXPONENT,Article,38,1909,3,78.26
12,Relief Society Organizations,0.9852796550957541,WE_Vol38_1909_Issue5_005_RELIEF_SOCIETY_REPORTS.txt,RELIEF SOCIETY REPORTS.,Unknown,Relief Society Report,38,1909,5,98.53
12,Relief Society Organizations,0.969113430734147,WE_Vol36_1907_Issue8_014_RELIEF_SOCIETY_CONFERENCE.txt,Relief Society Conference,WOMAN’S EXPONENT,Relief Society Report,36,1907,8,96.91
12,Relief Society Organizations,0.9635838606211085,WE_Vol35_1906_Issue2_005_CONCLUDED.txt,(CONCLUDED.),"ANNIE WELLS CANNON,",Article,35,1906,2,96.36
12,Relief Society Organizations,0.9550020065813656,WE_Vol34_1905_Issue9_019_ALPINE_STAKE.txt,ALPINE STAKE.,Unknown,Article,34,1905,9,95.5
12,Relief Society Organizations,0.9323763519849617,WE_Vol32_1903_Issue5_008_INSTRUCTIONS_TO_MISSIONARIES.txt,INSTRUCTIONS TO MISSIONARIES.,"ANNIE TAYLOR HYDE,",Article,32,1903,5,93.24
12,Relief Society Organizations,0.9240418030207179,WE_Vol32_1903_Issue12_018_GENERAL_CONFERENCE_RELIEF_SOCIETY.txt,General Conference Relief Society,"ANNIE WELLS CANNON,",Relief Society Report,32,1903,12,92.4
12,Relief Society Organizations,0.9214593718207269,WE_Vol34_1905_Issue4_025_ALPINE_STAKE.txt,ALPINE STAKE.,Unknown,Article,34,1905,4,92.15
12,Relief Society Organizations,0.9148455105593696,WE_Vol36_1907_Issue6_017_ALPINE.txt,ALPINE.,Unknown,Article,36,1907,6,91.48
12,Relief Society Organizations,0.8996819239300985,WE_Vol39_1910_Issue5_020_RELIEF_SOCIETY_REPORTS_2.txt,RELIEF SOCIETY REPORTS.,Unknown,Relief Society Report,39,1910,5,89.97
12,Relief Society Organizations,0.8750480720026741,WE_Vol36_1907_Issue3_027_R_S_REPORTS.txt,R. S. REPORTS.,"LOUISE TUELLER,",Relief Society Report,36,1907,3,87.5
12,Relief Society Organizations,0.8712222625240407,WE_Vol38_1909_Issue2_020_RELIEF_SOCIETY_SCHOOL_OF.txt,RELIEF SOCIETY SCHOOL OF,"PHEBE Y. BEATIE,",Relief Society Report,38,1909,2,87.12
12,Relief Society Organizations,0.869759274356067,WE_Vol38_1909_Issue1_028_RELIEF_SOCIETY_SCHOOL_OF.txt,RELIEF SOCIETY SCHOOL OF,"PHEBE Y. BEATIE,",Relief Society Report,38,1909,1,86.98
12,Relief Society Organizations,0.8546619216936209,WE_Vol39_1910_Issue9_017_GENERAL_RELIEF_SOCIETY_CONFER.txt,GENERAL RELIEF SOCIETY CONFER-,"ANNIE WELLS CANNON,",Relief Society Report,39,1910,9,85.47
12,Relief Society Organizations,0.8497907597095388,WE_Vol35_1906_Issue8_023_R_S_REPORTS.txt,R. S. REPORTS.,"EMMA FEATHERSTONE,",Relief Society Report,35,1906,8,84.98
12,Relief Society Organizations,0.8371618209449881,WE_Vol38_1909_Issue7_021_R_S_REPORTS.txt,R. S. REPORTS.,WOMAN’S EXPONENT,Relief Society Report,38,1909,7,83.72
12,Relief Society Organizations,0.8358584110254059,WE_Vol40_1911_Issue3_021_RELIEF_SOCIETY_REPORTS_2.txt,RELIEF SOCIETY REPORTS.,"singing, “Come Let Us Anew.” Prayer",Relief Society Report,40,1911,3,83.59
12,Relief Society Organizations,0.8344688109142191,WE_Vol32_1903_Issue10_003_SALT_LAKE_STAKE_CONFERENCE.txt,Salt Lake Stake Conference,Unknown,Board/Meeting,32,1903,10,83.45
12,Relief Society Organizations,0.8147180141949654,WE_Vol36_1907_Issue4_019_BANNOCK_STAKE.txt,Bannock Stake,Unknown,Article,36,1907,4,81.47
12,Relief Society Organizations,0.814296520096216,WE_Vol40_1911_Issue8_005_GENERAL_RELIEF_SOCIETY.txt,GENERAL RELIEF SOCIETY,Mrs. Rhoda A. Lyman,Relief Society Report,40,1911,8,81.43
12,Relief Society Organizations,0.8067622387142669,WE_Vol37_1908_Issue1_012_RELIEF_SOCIETY_NURSE_CLASSES.txt,Relief Society Nurse Classes,Unknown,Relief Society Report,37,1908,1,80.68
12,Relief Society Organizations,0.8058819067163034,WE_Vol33_1904_Issue3_017_ALPINE_STAKE.txt,ALPINE STAKE.,Unknown,Article,33,1904,3,80.59
12,Relief Society Organizations,0.803482598153698,WE_Vol34_1905_Issue5_018_RELIEF_SOCIETY_ORGANIZED.txt,Relief Society Organized,Unknown,Relief Society Report,34,1905,5,80.35
12,Relief Society Organizations,0.7894099924107129,WE_Vol35_1906_Issue6_012_RELIEF_SOCIETY_REPORTS.txt,RELIEF SOCIETY REPORTS.,WOMAN’S EXPONENT,Relief Society Report,35,1906,6,78.94
12,Relief Society Organizations,0.7828744234675755,WE_Vol41_1912_Issue9_018_ONEIDA_STAKE.txt,Oneida Stake,Unknown,Article,41,1912,9,78.29
12,Relief Society Organizations,0.7789349797781329,WE_Vol35_1906_Issue1_016_GENERAL_RELIEF_SOCIETY_CONFERENCE.txt,General Relief Society Conference,Unknown,Relief Society Report,35,1906,1,77.89
