"volume","month","filename","classification","article_end_chars","input_continuation"
36,"January","V36_01_01_Art_The_Relief_Society.txt","NEEDS_PDF_QC","E S. SPAFFORD MARIANNE C. SHARP General Presidency","Page 3 The Modern Family and Spirituality Achsa E. Paxman Member, Relief Society General Board OME is the first and most important school in life, an"
36,"January","V36_01_02_Art_The_Modern_Family_Paxman.txt","UNCLEAR_NOT_FOUND","aught our children the Word of Wisdom,  and family",""
36,"January","V36_01_22_Art_Having_an_apprecia.txt","COMPLETE_NEXT_ART","he oldest, died in a Mrs. Thomas writes: ""The one","President Belle S. Spafford Elected to Office 'n the National Council of Women Priscilla L. Evans Former Relief Society General Board Member and forme"
36,"January","V36_01_28_Art_Love_or_me.txt","NEEDS_PDF_QC","semblage of people, I had the honot of f the first","Relief Society building erected in this dispensation. SALT LAKE STAKE: held in the Assembly R in th Fourteenth Ward,, ""We have more reason to be comme"
36,"January","V36_01_31_Art_Interested_as_she.txt","UNCLEAR_NOT_FOUND","t are courage and good health.  CQ-—> EDITORIAL SO",""
36,"January","V36_01_34_Art_Meeting_Sebruary_Q.txt","UNCLEAR_NOT_FOUND","mall booth of wattled boughs for each worshiper at",""
36,"January","V36_01_35_Art_Social_Science_Con_Durham.txt","TRUNCATED","g from the dead that puzzled and sorely grieved th","em. It was difficult for them to grasp the full significance of the statement. Reluctantly, they were beginning to realize that their beloved Master w"
36,"January","V36_01_48_Art_Finally_in_order.txt","UNCLEAR","urce material, that help bring history to life. Oi","FROM A HOSPITAL WINDOW Evelyn Fjeldsted I think that I could love that little path That climbs the hillside like a sunlit stair More than all the high"
36,"January","V36_01_64_Art_A_classical_accoun.txt","UNCLEAR","REGRET. 6v6L AYWNUGII Aew 404 suosse} C ON 9E IOA",""
36,"February","V36_02_02_Poem_Unwritten_SongFron_Redd.txt","TRUNCATED","t forget the lesson of Antonius Stradivarius whose","violins, two hundred years old, are worth their weight in gold. Says Stradivarius, in Mary Ann Evans' immortal poem of that name: ""If my hands slacken"
36,"February","V36_02_03_Poem_Home_Ekman.txt","TRUNCATED","t forget the lesson of Antonius Stradivarius whose","violins, two hundred years old, are worth their weight in gold. Says Stradivarius, in Mary Ann Evans' immortal poem of that name: ""If my hands slacken"
36,"February","V36_02_05_Poem_Heart-Deep_in_Wint_Wangsgaa.txt","COMPLETE_NEXT_ART","ze Story Annual Relief Society Short Story Contest","They Die in the Harness Myrtle M. Dean MYRTLE M. DEAN HIS same thing had been hapT pening several times the last few months, Doctor John waking in the"
36,"February","V36_02_10_Art_From_the_Shadow_Crawford.txt","TRUNCATED","'s face get the mother-look of love and pride, and","forgiveness, and faith, and trust that we all know? It is worn there day by day as a great painting is made, stroke by stroke. To a fresh, young creat"
36,"February","V36_02_15_Art_Congratulations_to.txt","TRUNCATED","heir weight in gold. Says Stradivarius, in Mary A","nn Evans' immortal poem of that name: ""If my hands slacken, I should rob God—since He is fullest good—leaving a blank instead of violins. He could not"
36,"February","V36_02_20_Art_Visiting_Teachers_Driggs.txt","UNCLEAR","S ' 7 - ros i h. \ a S ce aw a et SS ~ Evan Jensen","PALESTINE AT THE TIME OF CHRIST an hook, and take up the fish that first cometh up; and when thou hast opened his mouth, thou shalt find a piece of mo"
36,"March","V36_03_02_Art_The_Spirit_of_Spafford.txt","COMPLETE_NEXT_ART","missions have not previously been published in The","Relief Society Magazine as having completed their Building Fund quotas: Besancon Branch, French Mission Bruxelles Branch, French Mission Charleroi Bra"
36,"March","V36_03_03_Art_Relief_Society_Bui.txt","TRUNCATED","ed deeply of the spicy fragrance, remembering so m","any autumns. Five years, he thought, and silently cursed himself that they had not married before, regardless. He turned and looked at Anne, seeing a"
36,"March","V36_03_20_Art_Antiques_to_Know_Pearson.txt","NEEDS_PDF_QC","y Bank 8. Castor 9. Banjo Clock 10. Franklin Stove","Cotton Storm Leone E. McCune The market must have dropped today, The price can't be so high, Go fetch my dusty sewing kit, For cotton's raining from t"
36,"March","V36_03_23_Art_Cakes_Decorated_an_Wangsgaa.txt","NEEDS_PDF_QC","e cs naeses sacesaencescenevessanasecesessonnessee","Joanna Margery S. Stewart CHAPTER 3 Synopsis: Joanna, who had married David Niels against the wishes of her family, is left a widow with four childre"
36,"March","V36_03_25_Art_Notes_From_the.txt","TRUNCATED","Wootton, who has served as a visiting teacher for","sixty years, at a party December 15th. For the past thirty years this ward has maintained the 100 per cent visiting teaching record established by Sis"
36,"April","V36_04_01_Poem_Spring_Ekman.txt","UNCLEAR_NOT_FOUND","THE RELIEF SOCIETY MAGAZINE VOL. 36, NO. 
She",""
36,"April","V36_04_03_Art_JesusLord_of_the_Colton.txt","TRUNCATED","om him shows us how needed light and information c","oncerning life and immortality are given. There are those who teach that our faith in Christ is built upon the ""blessed mystery of the incatnation."""
36,"April","V36_04_08_Fict_Through_the_Darkne_Todd.txt","COMPLETE_NEXT_ART","arry's and when sh had Tefused each, (Continued on","The Family Hour in Latter-day Saint Homes Lucy Grant Cannon Former General President, Young Women's Mutual Improvement Association Stay, stay at home "
36,"April","V36_04_09_Art_The_Family_Hour_Cannon.txt","TRUNCATED","ings of life that they may be bound to us for time","and all eternity. The Lord admonished the saints early in their history to teach their children the principles of the gospel, and if this was neglecte"
36,"April","V36_04_10_Fict_And_All_Eternity_Flake.txt","UNCLEAR_NOT_FOUND","Mary Louisa Woolley, and fell in love with her. T",""
36,"April","V36_04_14_Poem_Consider_the_Lilie_Donaldso.txt","TRUNCATED","beth Williamson IF you are having an Easter party","for small children, it is well to make your plans in advance, Children want continuous action, Egg treasure hunt anda few games such as ""Pin the Tail "
36,"April","V36_04_16_Poem_An_April_Day_Candland.txt","COMPLETE_NEXT_ART","ness in her heart glowed radiantly in her face. Op","Annual Urge Maryhale Woolsey Shine, window, shine! For the new sun to find you; Flutter, clean curtains! A May breeze is here. Sweep, broom, sweep! L"
36,"May","V36_05_03_Poem_Mothers_of_Destiny_Coles.txt","UNCLEAR","e moving shuttles aking from fabri atterns of futu","A Pattern for Christine Dorothy ]. Roberts clear her eyes. 'Two large tears rolled slowly down her smooth cheeks, leaving shining trails and forming "
36,"May","V36_05_05_Art_Civil_Liberty_Toda_Durham.txt","COMPLETE_NEXT_ART","ly-endowed nation, [This article may be used Scien","You Might Have Waited Fay Tarlock EEING Miss Tyndale again S was just as Nan Kenny had hoped it would be. Miss Tyndale was coming down the flagstone p"
36,"May","V36_05_08_Art_Planning_the_Work_Layton.txt","TRUNCATED","sun on my back, And dropped little kernels of sun","in the rows. Dawn Evelyn Fijeldsted _We hear a robin's soft ethereal call, A glad, sweet song at break of dawn, - And crocus blossoms, with their tear"
36,"May","V36_05_18_Art_Magazine_Subscript_Sharp.txt","NEEDS_PDF_QC","enlists the continued efforts of the officers and","Magazine representatives during the year 1949. Honor Roll Percentages Continuing the policy established in 1948, the membership figures on which the H"
36,"May","V36_05_21_Art_Handle_With_Gloves_Jones.txt","COMPLETE_NEXT_ART","¢ NYLON RAYON MENDED RUNNER TOE MENDED NYLONS MENO","Rainbow Land Marvin Jones I followed a rainbow to its end For a pot of gold—that I could spend— I'd spend it all, I thought, for you, As any lover for"
36,"June","V36_06_01_Art_A_Measuring_Rod_Stoddard.txt","TRUNCATED","of each other. EMEMBER this morning in the closing","prayer, Sister Cowley implored the Lord that we might guard our tongues. Most of the trouble and unhappiness that come in our association together is"
36,"June","V36_06_08_Fict_Young_Hearts_Are_Burt.txt","TRUNCATED","rounding country is very much like our own mountai","n country in northern Arizona or New Mexico. Or, as a matter of fact, almost anywhere where there are pines and a scant undergrowth. 'The elevation is"
36,"June","V36_06_12_Art_Sixty_Years_Ago.txt","UNCLEAR","many days to come. The accompanying _ illustration","TABLE SETTINGS AND FLOWER ARRANGEMENTS 401 shows a fine specimen, exactly as it was picked up on our jaunt. This branch illustrates perfectly the pri"
36,"July","V36_07_01_Art_For_Those_Who_Redd.txt","TRUNCATED","nd inviting. And there is a real little cradle, of","pioneer vintage from her own and her mother's baby days. Doors, windows, marble mantle and hearth, pressed stone for the kitchen work table tops, are "
36,"July","V36_07_02_Poem_Pioneer_MotherFron_Chadwick.txt","COMPLETE_NEXT_ART","nces that have brought children's diseases down to","Nellie Ward Neal Appointed to the Relief Society General Board Roxey Robson Heslop President, Primary Association, Farr West Stake descendant of stalw"
36,"July","V36_07_05_Art_Sixty_Years_Ago.txt","UNCLEAR_NOT_FOUND","LIZABETH CANNON PORT-
^ ER McCRIMMON, formerly of",""
36,"July","V36_07_09_Fict_JoannaChapter_7_Stewart.txt","NEEDS_PDF_QC","her hard. ""I do love you."" (To be continued ) The","Jumpher Family (Continued from page 451) ""Say snow, Martin,"" said Mama. ""Lalalalala,"" said Martin. Mama laughed and then she cried, and then we were "
36,"July","V36_07_15_Art_Jesus_Began_in_Colton.txt","TRUNCATED","Preview of Lessons for 1949-50 Mary Grant Judd HE","visiting teacher messages for 1949-50 will be a continuation of the series titled, ""Our Savior Speaks."" As in the previous year's messages, timely and"
36,"July","V36_07_17_Art_I_Am_Come_Judd.txt","UNCLEAR_NOT_FOUND","gin of that book was what
Parley P. Pratt, Oliver",""
36,"July","V36_07_20_Art_Introduction_Jacobs.txt","TRUNCATED","Study text, pp. 97-100, 209-211) With Chaucer the","literature of the Middle Ages ends, and the literature of modern England begins. For centuries before Chaucer, and 487 during his own lifetime, writin"
36,"July","V36_07_22_Art_Social_Science_The.txt","COMPLETE_NEXT_ART",":13. <= Optional Hien ee Ser of Social Science—The","First Presidencies (Primarily for use outside Continental United States and its possessions) Tue Presi wENcy A Unrr—TuHeE THREE ARE ONE Preview of Les"
36,"August","V36_08_01_Poem_August_Rigby.txt","COMPLETE_NEXT_ART","raph by Josef Muench Willard Luce BEAR RIVER, UTAH","The Tasks of Modern Citizenship Dr. G. Homer Durham Head of Political Science Department, University of Utah Render therefore unto Caesar the thin thi"
36,"August","V36_08_02_Art_The_Tasks_of_Durham.txt","UNCLEAR_NOT_FOUND","he said pleasantly, ""Yeh, I'm okay.""
There was a",""
36,"August","V36_08_04_Poem_Immortality_Robinson.txt","COMPLETE_NEXT_ART","missions have not previously been published in The","Relief Society Magazine as having completed their Building Fund quotas: Norwegian Mission Swiss-Austrian Mission Aalesund Branch, Norwegian Mission Ar"
36,"August","V36_08_05_Art_Relief_Society_Bui.txt","TRUNCATED","ear song of birds, I shall come back more wise and","more at peace Than from multitudinous words. Page 512 Music in the Home Norma Wrathall 66 HAT boy! Tooting that horn again!"" muttered Mrs. Finley, as"
36,"August","V36_08_07_Fict_Music_in_the_Wrathall.txt","TRUNCATED","'t that practicing bother you, Pa?"" Mr. Finley had","momentarily emerged from his newspaper, and was placing his shoes on the oven door. ""What—oh, you mean that Peterson kid? No, never even notice it. Ou"
36,"August","V36_08_08_Poem_Moment_Eberling.txt","TRUNCATED","she could hear ""Qne-and-two-and-three-and"" in her","dreams. It had been worth sitting at the piano playing accompaniments for Ida's violin pieces over and over for her, at the same time keeping an eye o"
36,"August","V36_08_10_Art_Rugmaking_in_the_Young.txt","COMPLETE_NEXT_ART","all is gone— It seems to fit the face it's on. The","Jumpher Family Part II—Randy Deone R. Sutherland HAT my sister Randy was going to be a glamour girl, or thought she was, as Richard put it, was very t"
36,"August","V36_08_12_Art_What_The_Relief_Bailey.txt","COMPLETE_NEXT_ART","n Intelligent, Wellvere; » Nad just Teturned spe h","Sixty Years Ago Excerpts from the Woman's Exponent, August 1, and August 15, 1889 ""FoR THE RIGHTS OF THE WOMEN OF ZION AND THE RIGHTS OF THE WoMeEN OF"
36,"August","V36_08_14_Art_Notes_to_the.txt","COMPLETE_NEXT_ART","1, Utah, 60 cents each, postpaid. Appreciation for","Duplicate Lists of Contributors to Relief Society Building Fund HE general board wishes to express appreciation to the stakes, wards, missions, and br"
36,"August","V36_08_21_Art_Visiting_Teacher_M_Judd.txt","COMPLETE_NEXT_ART","A Course for Optional Use by Wards and Branches at","Work Meeting) Lesson 2—Layettes and Baby Sewing Jean Ridges Jennings For Tuesday, November 8, 1949 HE modern mother, when planning the layette for her"
36,"August","V36_08_22_Art_Work_MeetingSewing_Jennings.txt","UNCLEAR_NOT_FOUND","for other things I've known! 

558  A stench We",""
36,"August","V36_08_23_Art_Literature_Legends_Jacobs.txt","NEEDS_PDF_QC","ory—Elgar -. 15 The Little Old Garden—Hewitt — le","Lullaby and Good Night—Brahms E One Fleeting Hour—Lee eS E A Song Remembered—Coates —— -20 The Sweetest Story Ever Told— Stults 10 12 music for ql] t"
36,"September","V36_09_01_Poem_Poplar_MagicFronti_Harwood.txt","TRUNCATED","Harwood One tall golden taper of a poplar tree in","autumn! With sudden magic, the long years vanish And I am once more in my own loved homeland, In the valley of the high, snow-covered mountains, Clea"
36,"September","V36_09_02_Poem_Autumn_Shomaker.txt","TRUNCATED","ing here together In the gracious tender season of","the heart's remembering! Rich treasures to behold through the magic portal Of one tall golden taper of a poplar tree in autumn! The Cover: The Mormon"
36,"September","V36_09_04_Art_The_Mormon_Handicr_Smith.txt","COMPLETE_NEXT_ART","feel, with me, a deeper appreciation for this fine","Relief Society Building News The names of the following stake, ward, and mission districts and branches have not previously been published in The Reli"
36,"September","V36_09_06_Fict_TemperedPart_I_Hamilton.txt","TRUNCATED","her kiss was to be a final one as Lee's wife. Her","marriage had failed and she was running out! Senior Blendall, known to his associates as ""Old Granite,"" cast his fierce gray eyes skyward and temarked"
36,"September","V36_09_12_Art_Wastebaskets_Where_Laurgaar.txt","TRUNCATED","And sorrow is in me—my feet are bound, My heart's","song buried, away from my mountains. Oh, let me again hear the plaintive sound Of a night bird singing a twilight song To his lone mate nesting near t"
36,"September","V36_09_15_Fict_JoannaChapter_9_Stewart.txt","TRUNCATED","iness Penn tohim, « me look q you. § SELECTED DATA","annual report—1948 | bl annual report mirrors the accomplishments of Relief Society in advancing its program of education and welfare in the stakes an"
36,"September","V36_09_17_Art_Visiting_Teacher_M_Judd.txt","UNCLEAR","H SEWED SEWED FOR VISITS TO = weLrare PROJECTS. AT","WORK THEMSELVES FAMILIES EXCLUSIVE OF WORK MEETINGS AND FAMILY MEETING SEWING Cie et er oe oe oe er ee et ee et ee ee ee he i eee eee ee eo © 0 0:0 0 "
36,"September","V36_09_19_Art_Notes_to_the.txt","TRUNCATED","t righteous and unrighteous dwell apart during the","interval between death and resurrection is clear. The parable teaches the continuation of individual existence after death, and the relation of cause "
36,"September","V36_09_20_Poem_Interval_Fjeldste.txt","NEEDS_PDF_QC","and give excellent service. ~~ ol, stov@ieume— Wee","Literature of England Elder Briant S. Jacobs Lesson 3—The Poet Shakespeare For Tuesday, December 20, 1949 VEN while our world continues to worship sen"
36,"October","V36_10_01_Poem_Time_for_SortingFr_Wangsgaa.txt","COMPLETE_NEXT_ART","lard Luce. Josef Muench NAVAJO LAKE, SOUTHERN UTAH","Making Our Homes More Livable Christine H. Robinson Member, Relief Society General Board HEE is my heart, my happiness, my home. Here, inside the ligh"
36,"October","V36_10_02_Art_Making_Our_Homes_Robinson.txt","COMPLETE_NEXT_ART","and beauty mingled, To satisfy each need. You Can","Learn PART I A Ys for Aduli—B Ys for Bride Katherine Kelly [This is the first in a series of stories by a new author.] HE shade of the porch felt cool"
36,"October","V36_10_03_Fict_You_Can_LearnPart_Kelly.txt","NEEDS_PDF_QC","en is, an i + like the farm, he V Marthy, he wante","Adoption of Children Mary L. Dillman Former Director, Relief Society Social Service and Child Welfare Department N the United States, throughout the w"
36,"October","V36_10_04_Art_Adoption_of_Childr_Dillman.txt","TRUNCATED","and this period, before final adoption, affords an","opportunity for the child to be studied and for the adoptive parents to have reasonable assurance of his normal development. The laws of a number of s"
36,"October","V36_10_08_Art_Editorial_The_Best_Sharp.txt","TRUNCATED",", mission, and branch officers, class leaders, and","visiting teachers. The Interest and Beauty of Fruit Mary Grant Judd Member, Relief Society General Board [This is the sixth in a series of short artic"
36,"October","V36_10_14_Art_Notes_to_the.txt","COMPLETE_NEXT_ART","A Course for Optional Use by Wards and Branches at","Work Meeting) Lesson 4—Underwear and Nightwear Jean Ridges Jennings For Tuesday, January 10, 195° ONE of the important advantages of home sewing is ec"
36,"October","V36_10_17_Art_Social_Science_Gov_Durham.txt","UNCLEAR_NOT_FOUND","am, The Relief Society Mag; azine, May 1949, -) oo",""
36,"November","V36_11_02_Art_Womans_Role_as_Spafford.txt","NEEDS_PDF_QC","© songs we dj | he € did not sing, nd joys such m","Today is all of time or yesterday jis Past, €W upon the Morning rose ose beauty Cannot Jast. Tomorrow IS with sh We own > adows dj The Loving Friend o"
36,"November","V36_11_03_Poem_Today_Is_All_Cook.txt","COMPLETE_NEXT_ART","Cannot Jast. Tomorrow IS with sh We own > adows dj","The Loving Friend of Children Preston Nibley N the fall of 1801, George QO. Cannon, first counselor to President Wilford Woodruff in the First Preside"
36,"November","V36_11_17_Art_The_Interest_and_Judd.txt","NEEDS_PDF_QC","rth's youngest and most obstreperous child. I atin","Beauty in (Brown Josephine ]. Harvey There is warmth and loveliness that lies, Within the depths of dark brown eyes. My hands have touched velvet of s"
36,"November","V36_11_20_Art_Notes_From_the.txt","UNCLEAR","tted by Marie T. Moody DESERET STAKE (UTAH) HONORS","VISITING TEACHERS WHO HAVE SERVED THIRTY YEARS OR MORE Marie T. Moody, President, Deseret Stake Relief Society, reports the long and devoted service o"
36,"November","V36_11_21_Art_Visiting_Teacher_M_Judd.txt","COMPLETE_NEXT_ART","A Course for Optional Use by Wards and Branches at","Work Meeting) Lesson 5—Girls' Clothing Jean Ridges Jennings For Tuesday, February 14, 1950 T'S fun to make clothes for girls. There are so many lovel"
36,"November","V36_11_22_Art_Work_Meeting_Girls_Jennings.txt","UNCLEAR_NOT_FOUND","led theme—serenely Spaced. 
776 
Literature— 'he",""
36,"December","V36_12_14_Art_March_Anniversary_Eaton.txt","COMPLETE_NEXT_ART","together or to the meat grinder or bunch. ——- The","Year Is Done Eunice J. Miles The fleeting breath of the waning year Is vanished with the old and the sere, But out of the ashes of chill December Hope"
36,"December","V36_12_17_Poem_Auditor_by_Grace.txt","TRUNCATED","ITlustration by Elizabeth Williamson Wey not start","an ever-burning Christmas candle this year? It js such fun to watch it stow, as though it were really a living thing holding high a lighted torch of g"
36,"December","V36_12_18_Art_An_Ever-Burning_Ch_Laurgaar.txt","COMPLETE_NEXT_ART","Tleeting—Sewi ng Children's Clothing (A Course for","Optional Use by Wards and Branches at Work Meeting) Lesson 6—Boys' Clothing Jean Ridges Jennings For Tuesday, March 14, 1950 GOME items that would nor"
36,"December","V36_12_19_Art_Optional_Lesson_Th_Lyon.txt","COMPLETE_NEXT_ART","Edgar Lyon]  Optional Use by Wards and Branches at","Work Meeting) Lesson 6—Boys' Clothing Jean Ridges Jennings For Tuesday, March 14, 1950 GOME items that would normally come under the heading of ""Boys'"
36,"December","V36_12_20_Art_Work_Meeting_Boys_Jennings.txt","NEEDS_PDF_QC","uch of their time in the mending basket. Oii. | aa","Literature of England Lesson 6—John Bunyan Elder Briant S. Jacobs For Tuesday March 21, 1950 RECENTLY a group of more than fifty mature young people w"
37,"January","V37_01_02_Poem_The_Singing_Snow.txt","COMPLETE_NEXT_ART","NG BY THE SAINTS OF THE SWISS-AUSTRIAN MISSION New","Year Greetings to Reliof Society Women &verywhere ONCE again the general board of Relief Society desires to. Say to the members of our beloved organiz"
37,"January","V37_01_05_Poem_To_Mother_Grace.txt","NEEDS_PDF_QC","clings, undimmed, some cld expectancy! For the lew","Year, Twelve Oclock Katherine Fernelius Larsen In the most solemn moment Of ending and beginning, Let my thoughts be stark As January sky— Unrememberi"
37,"January","V37_01_12_Art_Womans_Sphere_Ramo.txt","NEEDS_PDF_QC","campaign to meet the needs of those affected. The","March of Dimes campaign, enthusiastically supported by magazines as well as by the press and radio in the past, has always raised enough to take care "
37,"January","V37_01_13_Art_Temporary_Binders.txt","TRUNCATED","rsal of the Singing Mothers Chorus which furnished","music for the Annual General Relief Society Conference, September 28 and 29, 1949. Su estive List O Son s for Sin in Nlothers gg g ging (Three-part un"
37,"January","V37_01_15_Art_Suggestive_List_of.txt","NEEDS_PDF_QC","e given to me. I love you. MOTHER Clara Horne Park","Suggestions for a Work Meeting ouncheon Christine Eaton SANDWICH SPREAD (Makes about 50 sandwiches) 2 cans corned beef or any pressed _ 3 tbsp. Prepa"
37,"January","V37_01_18_Art_Notes_to_the.txt","NEEDS_PDF_QC","extra coat for spring and fall. Elvyoraie vos The","Literature of England Elder Briant S. Jacobs Lesson 7—Some Seventeenth Century Poets For Tuesday, April 18, 1950 UR text includes selections from the "
37,"January","V37_01_19_Art_Literature_Some_Se.txt","COMPLETE_NEXT_ART","? 3. What is the metaphysical school of poetry? I","Social Science—Latter-day Saint Political Thought Lesson 6—The Conditions for Achieving the Kingdom of God Elder G. Homer Durham For Tuesday, April 25"
37,"February","V37_02_01_Poem_Lien_on_the.txt","NEEDS_PDF_QC","3 $ J Z > am vie] > =] A? CALIFORNIA Josef Muench","Preservation of Our Blessings of Freedom Elder Ezra Taft Benson Of the Council of the Twelve (Address delivered at the afternoon session of the Annual"
37,"February","V37_02_03_Fict_The_House_That.txt","COMPLETE_NEXT_ART","branches have not previously been published in The","Relief Society Magazine as having com-_ pleted their Building Fund quotas. ® BRITISH MISSION Accrington Branch, Liverpool District Airdrie Branch, Sco"
37,"February","V37_02_07_Fict_I_Know_Where.txt","NEEDS_PDF_QC","d you home to tell you that now I understand. ~~ A","Letter From Mother MY DEAR CHILDREN: I know I do not convey to you by letter the depth of my love for you. It is very real, It fills me with great joy"
37,"February","V37_02_18_Art_Notes_From_the.txt","NEEDS_PDF_QC","a display of children's clothing in May. shade le","Literature of England Lesson 8—John Milton: The Lesser Works Elder Briant S. Jacobs For Tuesday, May 16, 1950 N 1608, eight years before Shakespeare's"
37,"February","V37_02_20_Poem_Living_Design_Eva.txt","NEEDS_PDF_QC","a display of children's clothing in May. shade le","Literature of England Lesson 8—John Milton: The Lesser Works Elder Briant S. Jacobs For Tuesday, May 16, 1950 N 1608, eight years before Shakespeare's"
37,"February","V37_02_24_Poem_Winter_Night_Beth.txt","COMPLETE_NEXT_ART","Wind singing in the maples. LESSON DEPARTMENT She","Cynic Said Christie Lund Coles Love, they said, is fleet and fickle, Here today and gone tomorrow. Yet our love has been as constant In our joy as in "
37,"February","V37_02_25_Poem_The_Cynic_Said.txt","COMPLETE_NEXT_ART","our manna Cooling drink and golden bread. —>— She","Tranquil Path Ruth Harwood Some say that we must suffer To know life's real delights, Must plumb the depths of sorrow To reach the greatest heights, M"
37,"March","V37_03_01_Poem_Remember_Spring_Fr.txt","COMPLETE_NEXT_ART","e Point, California, Photograph by Don Knight. The","Relief Society and the Keys of the Kingdom - Elder Bruce R. McConkie Of the First Council of the Seventy HILE attending one of the first Relief Societ"
37,"March","V37_03_18_Art_Notes_to_the.txt","UNCLEAR_NOT_FOUND",", we're getting along nicely on your G.I. pay this",""
37,"March","V37_03_22_Art_Oriental_China_Anc.txt","UNCLEAR_NOT_FOUND","the gulls feed undisturbed at his back. ] You Can",""
37,"March","V37_03_26_Fict_Alice_Morrey_Baile.txt","TRUNCATED","nd patterns. Relief Society women are urged to buy","gifts from the Mormon Handicraft Shop. Articles for your own home and beautiful gifts for all occasions may be obtained there. Page 194 A Place For T"
37,"March","V37_03_27_Art_Gifts_From_the.txt","COMPLETE_NEXT_ART","to the phone, he dialed the Dean's number. Pe She","Valley Srain Evelyn Fjeldsted The valley train comes nosing down The slight incline along the lake; With boisterous mien it enters town, An echoed whi"
37,"March","V37_03_28_Poem_The_Valley_Train.txt","UNCLEAR","made by those who had labored on the building THE","PLACE OF MUSIC IN THE LIVES OF THE WOMEN OF THE CHURCH and wet the walls with their tears, while praying to God to stay the hands of the ruthless spoi"
37,"March","V37_03_29_Art_The_Place_of.txt","COMPLETE_NEXT_ART","s a distinct part to play in his divine harmony. I","On Borrowed Wings Ora Lee Parthesius The river's green-gold curved far below Grandpa's white house in a satin bow, And, looking down, I could not deci"
37,"March","V37_03_30_Poem_On_Borrowed_Wings.txt","UNCLEAR_NOT_FOUND","ove to you all, Mother Clara Horne Park ] For Shat",""
37,"March","V37_03_31_Art_For_That_Rainy.txt","COMPLETE_NEXT_ART","on oft repeated, ""'Mother, what can we do?"" o> She","Desert Js a Lady LaVerne J. Stallings Upon her sands at midday, Resenting beauty's plea, The desert lies in a heavy trance Dreaming silently. But whea"
37,"March","V37_03_34_Poem_New_Face_Leone.txt","COMPLETE_NEXT_ART","f awful, tearing sobs. (To be continued) >i This J","Know Arvilla Bennett Ashby I don't know much about this world One way or another; For instance, how the stars are made, Or how the storm clouds gather"
37,"April","V37_04_06_Fict_The_Thickness_of_Cox.txt","UNCLEAR","er. I n 1910 the price went to an all-time high of","$3.06 a pound. At this time the plantations of Ceylon, Malay, and Sumatra were just coming into good production. 'This high price not only pulled the "
37,"April","V37_04_17_Art_Unwrapping_the_Can.txt","UNCLEAR_NOT_FOUND","Cancer Crusade of the American Cancer Society.  A",""
37,"April","V37_04_23_Fict_Dark_in_the_Bailey.txt","UNCLEAR_NOT_FOUND","and harvest by and by? 
276 
Courtesy Fae D. Dix",""
37,"April","V37_04_24_Art_Hannah_Davis_Foste_Dix.txt","TRUNCATED","and legs. She has been unable to walk for the past","three and one half years. But, last September, she quite suddenly decided to try sewing kitchen aprons as a way of helping to forget her pain. Her cap"
37,"April","V37_04_27_Fict_Bazaars_Socials_Si_Pickerin.txt","NEEDS_PDF_QC","rthwestern States Mission Relief Society. +e + She","Birth of Harvest Margaret B. Shomaker The barren orchard blooms from winter snow And flawless pink-white petals grace the bough In carved perfection l"
37,"April","V37_04_29_Fict_Our_April_Short.txt","COMPLETE_NEXT_ART","nd published story. PRESERVE YOUR = RELIEF SOCIETY","Beyond Discovering MAGAZINES Dorothy J. Roberts Have the valuable informaThis thought must rest forever, tion contained therein readA white bird with "
37,"May","V37_05_02_Poem_Mother_Dunford.txt","UNCLEAR","ograph by Josef Muench. RHODODENDRONS Josef Muench","A Mother's Influence Bishop Joseph L. Wirthlin Of the Presiding Bishopric (Address delivered at the officers meeting in the Assembly Hall on September"
37,"May","V37_05_13_Poem_Daily_Bread_Walton.txt","TRUNCATED","a prayer. Gn These Hulls Evelyn Wooster Viner Here","in these hills My roots grow deep. I look across the richness Of the fruited plain But feel no covetousness For others' worldly gain. Here in these h"
37,"May","V37_05_15_Art_Sixty_Years_Ago.txt","UNCLEAR_NOT_FOUND","ods stored consist supply ahead, sometimes more. T",""
37,"May","V37_05_16_Art_Womans_Sphere_Cannon.txt","UNCLEAR_NOT_FOUND","Rexburg Stake (Idaho) Daphne Nef
San Joaquin (C",""
37,"May","V37_05_17_Art_Editorial_Memorial_Spafford.txt","NEEDS_PDF_QC","the reasons for their existence. —B. S. S. She One","Hundredth Anniversary of the Founding —_ of the University of Utah (1850-1950) NE hundred years have passed since the General Assembly of the State of"
37,"May","V37_05_18_Art_The_One_Hundredth_Crawford.txt","UNCLEAR","Christ of Latter-day Saints was honRELIEF SOCIETY","MAGAZINE—MAY 1950 ored by the conferring upon him of the honorary degree of Doctor of Humanities. In presenting the degree to President Smith, Dean Me"
37,"May","V37_05_20_Poem_The_Landmark_Fjeldste.txt","COMPLETE_NEXT_ART","Landmarks were mentioned quietly. > nee aalliest","Without Price C. Cameron Johns Only as a pine tree owns the hill Or white silk clouds lay claim upon; the sky, Can the heart possess beauty. To hold i"
37,"June","V37_06_03_Poem_Eliza_R._Snow.txt","COMPLETE_NEXT_ART","Poem Contest]  Eliza R. Snow Poem Contest and the","Relief Society Short Story Contest are conducted annually by the general board of Relief Society to stimulate creative writing among Latter-day Saint "
37,"June","V37_06_07_Poem_A_Gray_Hawk_Jones.txt","COMPLETE_NEXT_ART","s imaginings To find a greater desert in your hand","The Short Story With a Plot Ramona W. Cannon* AY a ""story"" be classed as a story if it has no plot, in the generally accepted sense of the term? Some"
37,"June","V37_06_10_Fict_Hall_of_Fulfillmen_Tarlock.txt","NEEDS_PDF_QC","neck and ears. Care- (Continued on page 429) Saas","Sixty Years Ago | | Excerpts from the Woman's Exponent, June 1, and June 15, 1890 ""For THE RIGHTS OF THE WOMEN OF ZION AND THE RICHTS OF THE Women oF "
37,"June","V37_06_12_Poem_April_Wilkinso.txt","COMPLETE_NEXT_ART","and Mary Louise Gardner (Gessell) recently met in","Salt Lake City, to introduce their year-old children: Bill McKay III, Jay Housley, and Linda Gessell. Mrs. McKay and Mrs. Gessell are residents of Sa"
37,"June","V37_06_14_Fict_Postlude_to_Spring_Coles.txt","NEEDS_PDF_QC","secure postlude to spring's wild, erratic tune. A","Converts' Granddaughter Returns Part II Helen and Cyril Pearson Photographs by the Authors 66 WITZERLAND reminds one of the United States before the "
37,"June","V37_06_21_Fict_Dark_in_the_Bailey.txt","NEEDS_PDF_QC","ong and fascinating history behind these pieces of","European pottery and porcelain, the story of ambitious artists and chemists, potters, and merchants striving to perfect ever more beautiful or more du"
37,"June","V37_06_22_Art_European_Pottery_a_Laurgaar.txt","TRUNCATED","hivers— Reminded her how various were The moods of","mountain rivers. From The Field Margaret C. Pickering, General Secretary-Treasurer All material submitted for publication in this department should be"
37,"July","V37_07_04_Art_Mission_to_Moapa_Miner.txt","UNCLEAR","raph by W. Claudell Johnson AUGUSTA WINTERS GRANT","- CONGRATULATIONS TO SISTER AUGUSTA WINTERS GRANT Wife of President Heber J. Grant ON July 7, 1950, Sister Augusta Winters Grant reaches her ninety-fo"
37,"July","V37_07_07_Fict_Dark_in_the_Bailey.txt","UNCLEAR_NOT_FOUND","shares his all bestows the perfect gift. 
You Can",""
37,"July","V37_07_08_Fict_You_Can_Learn_Kelly.txt","TRUNCATED",". From becoming too oppressive. Your interesting","letters keep the silence in my home With dearest love, MOTHER Clara Horne Park  464 RELIEF SOCIETY MAGAZINE—JULY 1950 Josef Muench COTTONWOOD IN OWE"
37,"July","V37_07_10_Poem_Metamorphosis_Wangsgaa.txt","COMPLETE_NEXT_ART","he homes visited. Ussiting Seacher ITlessages— Our","Savior Speaks Lesson 9—""Come and Follow Me"" (Matt. 19:21). Mary Grant Judd For Tuesday, October 3, 1950 Objective: To call to mind that there is a pa"
37,"July","V37_07_18_Art_Lets_Be_Homemakers_Robinson.txt","TRUNCATED","of Lessons for 1950-51 Elder Briant S. Jacobs UR","literature course will continue the study of English literature begun last year. For the teachers who are carrying on, there should be no problem of a"
37,"July","V37_07_19_Art_LiteratureThe_Lite.txt","COMPLETE_NEXT_ART","esty of Paradise Lost? Its style? Its content? Oii","Social Science— The Progress of Man Part I—The Lesson of History Preview of Lessons for 1950-51 Elder Archibald F. Bennett E live in perilous times. "
37,"August","V37_08_01_Poem_Navajo_Weaver_Fron_Redd.txt","COMPLETE_NEXT_ART","'iN HT al Ph Photograph by Hal Rumel NAVAJO WEAVER","The Lamanites President Antoine R. Ivins Of the First Council of Seventy HE major part of the Book of Mormon is devoted to an account of the hand-deal"
37,"August","V37_08_04_Fict_The_Jumpher_Family_Sutherla.txt","TRUNCATED","granite, stone china, or ironstone. Some of it was","decorated with underglaze printing, but the great mass was of an ugly blue-white, without decoration of any sort. The idea that even common kitchen ut"
37,"August","V37_08_05_Poem_Still_Coles.txt","TRUNCATED","mbers in your district which she has listed in the","visiting teacher report book. Use your own judgment as to whether or not you will call upon non-members of the Church. This is an additional possibil"
37,"August","V37_08_08_Fict_Where_Love_Abideth_Norton.txt","TRUNCATED","ne finds in good furniture. Stain the piece and le","t it dry thoroughly. Now you are ready for the final step. 'There are several ways to finish off the washstand. You can varnish the surface, then rub "
37,"August","V37_08_09_Poem_Hope_Judd.txt","COMPLETE_NEXT_ART","eternal spring. Shings fo — ber Eleanor W. Schow","Sixty Years Ago Excerpts from the Woman's Exponent, August 1, and August 15, 1890 ""For THE RIGHTS OF THE WOMEN OF ZION AND THE RIGHTS OF THE WomMeEN o"
37,"August","V37_08_14_Poem_Complacent_Sadleir.txt","UNCLEAR_NOT_FOUND","ILLARD STAKE (UTAH), FLO WELL WARD
RELIEF SOCIETY",""
37,"August","V37_08_19_Art_Just_a_Housewife_Jones.txt","UNCLEAR_NOT_FOUND","ng condemhis brute strength for its own sake natio",""
37,"August","V37_08_20_Art_The_Best_Time_Poulsen.txt","UNCLEAR","drift into years On my blue willow platter. Se"" ea","""LEARN TO LABOR AND TO WAIT"" Caroline Eyring Miner OVER and over goes the little tune (and the name tune is questionable). Helen, our eight-year-old, "
37,"August","V37_08_22_Art_Notes_From_the.txt","COMPLETE_NEXT_ART","A Course for Optional Use by Wards and Branches at","Work Meeting) Lesson 2—Color in the Home Christine H. Robinson For Tuesday, November 14, 1950 (Reference: The Complete Book of Sewing, by Constance Ta"
37,"August","V37_08_24_Poem_Things_to_Remember_Schow.txt","NEEDS_PDF_QC","dreams away! LESSON DEPARTMENT 563 le emmeme— lhe","Literature of England Lesson 10—Paradise Regained and Samson Agonistes Elder Briant S. Jacobs For Tuesday, November 21, 1950 ig is the budding scienti"
37,"August","V37_08_26_Art_Social_Science_The_Bennett.txt","UNCLEAR","rom Advertisers PURE GRANULATED 48 UBS. NEY hai. X",""
37,"September","V37_09_03_Fict_One_September_Chap_Poulsen.txt","NEEDS_PDF_QC","ding the persecutions of the present time, for the","Lord had greatly prospered us in these valleys. Page 592 OST of the winners in the League of Utah Writers contests this year are contributors to The R"
37,"September","V37_09_04_Poem_Learned_Waters.txt","UNCLEAR_NOT_FOUND","re easy to candidates are, and what principles los",""
37,"September","V37_09_06_Art_Sixty_Years_Ago.txt","UNCLEAR_NOT_FOUND","patient in the home— preparation of the proper die",""
37,"September","V37_09_07_Art_Womans_Sphere_Cannon.txt","TRUNCATED","l,"" specifically points out that we should use our","influence to see that our public officials are ""such as will administer the law in equity and justice."" Are we accepting and magnifying this high and "
37,"September","V37_09_08_Poem_Influence_Harvey.txt","NEEDS_PDF_QC","Utah. Classes begin each September and March. She","Constitution of the United States Grace M. Candland N September 17, 1787, one-hundred sixty-three years ago, a great and glorious event took place in "
37,"September","V37_09_10_Art_The_Practical_Nurs_Mellor.txt","NEEDS_PDF_QC","Utah. Classes begin each September and March. She","Constitution of the United States Grace M. Candland N September 17, 1787, one-hundred sixty-three years ago, a great and glorious event took place in "
37,"September","V37_09_12_Fict_You_Can_Learn_Kelly.txt","UNCLEAR_NOT_FOUND","?
+ 1
+2.50
ZATIONS
Local
Wards in Stakes
Br",""
37,"September","V37_09_16_Art_Notes_to_the.txt","UNCLEAR_NOT_FOUND","in the resurrection they neither marry, nor are g",""
37,"September","V37_09_17_Art_Notes_From_the.txt","COMPLETE_NEXT_ART","A Course for Optional Use by Wards and Branches at","Work Meeting) Lesson 3—Draperies and Curtains Christine H. Robinson For Tuesday, December 12, 1950 (Reference: The Complete Book of Sewing, by Constan"
37,"September","V37_09_19_Poem_Beyond_the_Spring_Walton.txt","NEEDS_PDF_QC","owing old! LESSON DEPARTMENT 635 il tara ino— lhe","Literature of England Lesson 11—John Dryden Elder Briant S. Jacobs For Tuesday, December 19, 1950 HE name of John Dryden is one which all lovers of En"
37,"September","V37_09_20_Art_Literature_John_Dr_Jacobs.txt","COMPLETE_NEXT_ART","ianship CONDUCTING, SINGING, AND ACCOMPANYING (For","Music Department of Union Meeting) Lesson 3—Baton Technique, Singing, and Interpretation Florence J]. Madsen Objective: To become better acquainted wi"
37,"October","V37_10_05_Art_President_George_F_Smith.txt","UNCLEAR_NOT_FOUND","nquish, when, in 1895, gold-band Haviland and othe",""
37,"October","V37_10_15_Art_Visiting_Teacher_M_Judd.txt","UNCLEAR_NOT_FOUND","f And warm me when these amber hours pass. 
White",""
37,"October","V37_10_22_Art_Notes_to_the.txt","TRUNCATED","Ely Ward. Sister Cylde was a guest speaker for the","social science lesson in May 1950. She spoke before the Relief Society women of Nevada Stake. She stressed the importance of the social science lesson"
37,"October","V37_10_23_Art_Social_Science_Evi_Bennett.txt","COMPLETE_NEXT_ART","A Course for Optional Use by Wards and Branches at","Work Meeting) Lesson 4—Slipcovers and Dressing Table Skirts Christine H. Robinson For Tuesday, January 9, 1951 (Reference: The Complete Book of Sewing"
37,"October","V37_10_24_Art_Work_Meeting_Slipc_Robinson.txt","NEEDS_PDF_QC","all space. (See textbook, page 251.) St pate — The","Literature of England Lesson 12—Richard Steele and Joseph Addison Elder Briant S. Jacobs For Tuesday, January 16,1951 HE latter part of the seventeent"
37,"November","V37_11_01_Art_For_After_Much_Spafford.txt","TRUNCATED","life—men whom the Lord loved dearly. There is no","more striking example of this than the story of Job. Job was perfect and upright, one that feared God and eschewed evil. The Lord blessed the works of"
37,"November","V37_11_09_Art_Ernest_L._Wilkinso.txt","NEEDS_PDF_QC","of earth, Bends at times but does not break. White","September CHAPTER 3 (Conclusion) Ezra J. Poulsen OLLIE came home in late September. Most of the town turned out to meet her at the little yellow stat"
37,"November","V37_11_18_Art_Recipe_for_Corned_Eaton.txt","COMPLETE_NEXT_ART","A Course for Optional Use by Wards and Branches at","Work Meeting) Lesson 5—Choosing Appropriate Floor Coverings Christine H. Robinson For Tuesday, February 13, 1951 A fundamental part of successful. Ho"
37,"November","V37_11_19_Art_Work_Meeting_Choos_Robinson.txt","UNCLEAR_NOT_FOUND","atterned floor covering? 

778  of tterature—The",""
37,"December","V37_12_08_Poem_Dear_Santa_Now.txt","TRUNCATED","of eternal progression we must be ever seeking and","gaining knowledge and intelligence, for the Prophet Joseph said, ""A man is saved no faster than he gets knowledge,"" RELIEF SOCIETY CONFERENCE and the "
37,"December","V37_12_11_Art_The_Culmination_of_Smith.txt","NEEDS_PDF_QC","and become acquainted with all good books. Gternal","Values Counselor Velma N. Simonsen T the last April conference of the Church, President David O. McKay made this statement, ""Next to the bestowal of l"
37,"December","V37_12_13_Art_Visiting_Teacher_M_Judd.txt","NEEDS_PDF_QC","iving. -—>- INDIAN RELATIONS DEPARTMENT Diges— She","Accomplishments of Our Lamanite Sisters Golden R. Buchanan Co-ordinator of Indian Affairs S I approach this subject I do so most humbly. I hope I can "
37,"December","V37_12_16_Art_Our_Sisters_in_Cowley.txt","TRUNCATED","Homes were crowded; old women, mothers, and their","children would be seen on the streets with their little hand-drawn wagons gathering greens to be cooked for their dinners. 'hey would pick up pieces o"
37,"December","V37_12_17_Poem_The_Child_and.txt","TRUNCATED","on its way to ''The Valley."" Touches of humor and","authentic detail of pioneer life add to the interest. LARA L. JARVIS of Utah has been elected first vice-president of the National Order of Women Legi"
37,"December","V37_12_18_Art_The_Spiritual_Powe_Madsen.txt","TRUNCATED","o you, Inasmuch as ye have done it unto one of the","least of these my brethren, ye have done it unto me (Matt. 25:35-40). During the 108 years of Relief Society's existence, compassionate service—the te"
37,"December","V37_12_23_Art_Ethel_C._Smith.txt","LIKELY_COMPLETE","grance that remains When roses are distilled. Page","839 MARY ANN BRINGHURST of Tyhee, Idaho, and One of Her Star Quilts QUILTING IS HER HOBBY At the age of eighty-four, Mary Ann Bringhurst is still maki"
37,"December","V37_12_25_Art_Ring_in_Your_Laster.txt","UNCLEAR_NOT_FOUND","to ring in those Christmas cards this year. 
Old",""
37,"December","V37_12_32_Art_Work_Meeting_Choos_Robinson.txt","NEEDS_PDF_QC","ed to help in furniture arrangement. Sit cralee Ae","Literature of England Lesson 14—Alexander Pope Elder Briant S. Jacobs For Tuesday, March 20, 1951 A Perry Picture ALEXANDER POPE N the history of Engl"
38,"January","V38_01_02_Art_Ernest_L._Wilkinso_Sharp.txt","COMPLETE_NEXT_ART","n. @ 4 #8 4 Hal Rumel WINTER SOLITUDE, ALTA, UTAH","Award Winners Eliza R. Snow Poem Contest HE Relief Society general board is pleased to announce the names of the three prize winners in the 1950 Eliz"
38,"January","V38_01_05_Art_Award_Winners_Annu.txt","COMPLETE_NEXT_ART","Greenwood Thayne, Provo, Utah, for her story ""But","Covet Earnestly."" The second prize of forty dollars is awarded to Inez Bagnell of Kamas, Utah, for her story ""We'll Always Remember."" The third prize "
38,"January","V38_01_09_Art_Womans_Sphere_Cannon.txt","NEEDS_PDF_QC","nguided, for that which is new. Wep c. 4 Gow Tlew","Serial to Begin in Sebruary The first chapter of ""For the Strength of the Hills,"" a new serial by Mabel S. Harmer, will begin in the February issue of"
38,"January","V38_01_12_Art_Notes_to_the.txt","COMPLETE_NEXT_ART","40 North Main Street, Salt Lake City 1, Utah. She","Wild Geese Sly Marvin Jones Pencil lines etched in a wind-swept sky, Far over the river the wild geese fly, High-wavering wedges, a tremulous skein In"
38,"January","V38_01_14_Art_Polio_Strikes_Egon.txt","COMPLETE_NEXT_ART","DIMES.  Hal Rumel  SOLITUDE AND SILENCE —~—_ She","Dying Year Beatrice K. Ekman Where storm has laid covers of white down Over roofs and gardens silently, The bright, full moon has spread spun-silver n"
38,"January","V38_01_17_Poem_Recompense_by_Mati.txt","NEEDS_PDF_QC","t If I have wrought one perfect thing. _>- She Low","Cost of Happiness Caroline Eyring Miner WE hear constantly now about the high cost of living, and it is true that food and clothes, and housing cost a"
38,"January","V38_01_19_Art_Crocheting_Keeps_H_Larkin.txt","UNCLEAR","es SPANISH-AMERICAN MISSION, LAREDO (TEXAS) BRANCH","VISITING TEACHERS Left to right: Celedonia Duarte; Noemi Dorado; Raquel Rodriquez; Lorenza Duarte; Arminda Rodriquez; Margarita Duarte; Ofelia Alday; "
38,"January","V38_01_21_Poem_Mirror_Mirror_by.txt","COMPLETE_NEXT_ART","A Course for Optional Use by Wards and Branches at","Work Meeting) Lesson 7—Pictures, Mirrors, and Wall Accessories Christine H. Robinson For Tuesday, April 10, 1951 CONSIDERABLE time and thought can be "
38,"January","V38_01_22_Art_Work_Meeting_Pictu_Robinson.txt","NEEDS_PDF_QC","e use of suitable wall decorations. Ie eagle — ine","Literature of England Lesson 15—Oliver Goldsmith Elder Briant S. Jacobs For Tuesday, April 17, 1951 HE need to look at a man's face in order to ""know"""
38,"January","V38_01_25_Art_A_Birthday_Greetin_Society.txt","COMPLETE_NEXT_ART","INE 40 North Main Street, Salt Lake City, Utah My","Choice Marion W. Garibaldi While some men strive toward distant goals And scorn the path they tread, I'd have content along the way, With love, and wo"
38,"January","V38_01_26_Poem_My_Choice_by.txt","COMPLETE_NEXT_ART","e way, With love, and work, and bread!, = FF @& My","Child Marylou Shaver My child is April, Young as spring, New as baby grass and thirsty seeded earth. My child is springtime Warm as April's sun, Soft "
38,"January","V38_01_27_Poem_My_Child_by.txt","NEEDS_PDF_QC","ck away The distance telescoped, and you were here","Within my heart today. You smiled at me across a span of years; Your smile has nourished tenderly the flower Whose fragrant beauty lives within my hea"
38,"January","V38_01_28_Poem_Within_My_Heart.txt","NEEDS_PDF_QC","ears ago this month. ) oxe MARGUERITE TAYLOR BECK","Daughter of JOSEPH WM. TAYLOR who now is carrying on the family tradition, assisted by her husband Charles Asher Beck, daughter Gloria, and a competen"
38,"February","V38_02_02_Poem_Dawn_Is_the_Chadwick.txt","UNCLEAR","r ward. ""goes I love to write, and there is a I am","A Key to the Occurrences of History Archibald F. Bennett Secretary, Genealogical Society [Address delivered at the afternoon session of the Annual Gen"
38,"February","V38_02_03_Art_A_Key_to_Bennett.txt","NEEDS_PDF_QC","hie fellow (Continued on page 141) Don Knight Soo","Bound of Earth Berta Huish Christensen Let me not grow too fond of life to leave The mellow, emerald earth; too fond of light Cut to a summer's length"
38,"February","V38_02_04_Art_Social_Science_Uni_Bennett.txt","NEEDS_PDF_QC","hie fellow (Continued on page 141) Don Knight Soo","Bound of Earth Berta Huish Christensen Let me not grow too fond of life to leave The mellow, emerald earth; too fond of light Cut to a summer's length"
38,"February","V38_02_05_Poem_Too_Bound_of_Christen.txt","UNCLEAR_NOT_FOUND","To meet with eagerness, one gone before. 
For the",""
38,"February","V38_02_15_Art_Notes_From_the.txt","TRUNCATED","s (through the efforts of a vast corps of faithful","visiting teachers), inspirational sayings of the Savior. Twenty-three messages in all have been given. Now, with the twentyfourth, with which we concl"
38,"February","V38_02_16_Art_Visiting_Teacher_M_Judd.txt","COMPLETE_NEXT_ART","A Course for Optional Use by Wards and Branches at","Work Meeting) Lesson 8—Table Settings and Service Christine H. Robinson For Tuesday, May 8, 1951 LTHOUGH. The previous articles in this series of less"
38,"February","V38_02_17_Art_Work_Meeting_Table_Robinson.txt","UNCLEAR_NOT_FOUND","thers."" —Abraham Lincoln 

128  | Siterature—The",""
38,"February","V38_02_18_Art_Literature_Samuel_Jacobs.txt","TRUNCATED","eat literature, and standard books appertaining to","music, the other arts and culture. New or Unfamiliar Hymns L. D. S. Hymns (Green book): pp 3 (transpose to B flat); 13, 27 (transpose to C); 91, 115, "
38,"March","V38_03_04_Fict_She_Shall_Have_Yost.txt","TRUNCATED","here was a card of snapfasteners, some scraps of d","ress trimming and material, and some hooks and eyes for Trudy's family's wardrobe. Throughout the years Trudy and I were together many hours each day"
38,"March","V38_03_09_Art_Sixty_Years_Ago.txt","NEEDS_PDF_QC","w York); Edith Nourse' Rogers (Massachusetts). Mar","Woman's Sphere Ramona W. Cannon MONG the twenty-four Utahns in attendance at the Mid-century White House Conference on Children and Youth was Miss Jen"
38,"March","V38_03_15_Art_Flower_Arrangement_Roberts.txt","NEEDS_PDF_QC","o are ill or in trouble. —Gladys K. Wagner For the","Strength of the Hills | —— Synopsis: Camilla Fenton, an orphan who lives with an aunt in Santa Monica, California, arrives at the railroad station nea"
38,"March","V38_03_21_Art_Pull_a_New_Laurgaar.txt","COMPLETE_NEXT_ART","y as a magician pulls a rabbit from a top hat. She","Story Hour Norma Wrathall ""Read us a story, Mother, Of Indians in the night, Or read about the pirates bold, With hoarded jewels bright."" So while the"
38,"April","V38_04_01_Poem_April_Ekman.txt","NEEDS_PDF_QC","st of Latter-day Saints, held on Temple Square in","Salt Lake City during the first week of April and near the beginning of October each year, are interesting, unique, and faith-promoting institutions. "
38,"April","V38_04_06_Poem_Utah_Gulls_in_Armknech.txt","TRUNCATED","y had been accompanied by the groom's parents, but","not by the bride's. Martha bit her lip and resolutely returned to her needlework. ""Well, Mother dear,"" Harvey exclaimed on the end of a noisy yawn, a"
38,"April","V38_04_07_Poem_Showered_Petals_in_Kleinman.txt","UNCLEAR","""T'm glad!"" she echoed. I? Glad, too, Mommy! ""T mh","""Now Is the Time'""' Carol Read F lake HE elaborate cutwork design on the pillow case blurred before Martha Lane's eyes and she lowered the hoops to he"
38,"April","V38_04_11_Art_Editorial_Therewit_Sharp.txt","UNCLEAR_NOT_FOUND","night
IRIS Josef Muench
JAPANESE IRIS and can be",""
38,"April","V38_04_13_Art_Meals_of_Our_Mills.txt","NEEDS_PDF_QC","ly tender, about 45 minutes. Ray Loomis HOLLYHOCKS","Page 256 Gardens in Pattern Eva Willes Wangsgaard ""A garden is a lyric Man may write in seed "" ARDEN colors, like all colors, are most effective when"
38,"April","V38_04_24_Art_A_New_Outlook_Miner.txt","COMPLETE_AD_FOLLOWS","Time of Roses £12 a Let All My Life Be Music.20. O","Entrancing Maoh - mann ccpatnnnnp oi ee Trees ne § Music Sent On Approval WE PAY POSTAGE ' Use this advertisement as your order blank | DAYNES MUSIC C"
38,"April","V38_04_25_Poem_One_Time_Glimpse_Schow.txt","TRUNCATED","—_- Who Has Loved the Garth Christie Lund Coles He","who has loved the earth, To the earth returns, Knowing well its gentleness, Knowing how it burns Beneath the fingered, summer sun, How cool it lies be"
38,"May","V38_05_03_Art_President_George_A_Smith.txt","NEEDS_PDF_QC","oshua Reuben Clark, Jr. As Second Counselor in the","First Presidency. President McKay and his two counselors have proved themselves great and inspired leaders and have endeared themselves to Church memb"
38,"May","V38_05_05_Art_Mother_Three_Pictu_Richards.txt","COMPLETE_NEXT_ART","society —home and family and mother. | o< >< Jn a","Very New Garden Eva Willes Wangsgaard Scant yesterdays, this plot was barren waste Of sand and rubble parched by wind and heat, Where scented lilies n"
38,"May","V38_05_08_Poem_Dewdrop_Shomaker.txt","UNCLEAR","| HAVE RETURNED TO THE VALLEY Dorothv J]. Roberts","I have returned to the valley and to shade, Daily growing deeper on the lawn; Far from the plain where lace of leaves is laid, I come to elms embroide"
38,"May","V38_05_10_Art_Sixty_Years_Ago.txt","TRUNCATED","od, the most beautiful redheaded wife in the world",", and I don't ask for much else."" ""Modest creature,"" she laughed. Then, looking around at the shadows flickering on the walls, she proposed, ""'Let's g"
38,"May","V38_05_13_Poem_What_Shall_We_Stewart.txt","NEEDS_PDF_QC","he have hope of future fruits And be so blind? She","Ancient. Prayer Pansye H. Powell One burden has haunted the song of man From the time when the world was young, Borne on the sighs of war-torn lands A"
38,"May","V38_05_16_Art_Floral_Arrangement_Allen.txt","NEEDS_PDF_QC","anteth his name in tender flowers.—Richter For the","Strength of the Hills CHAPTER 4 Mabel Harmer Synopsis: Camilla Fenton, an orphan from Santa Monica, California, comes to Crandall, Idaho, to teach, a"
38,"May","V38_05_18_Fict_You_Can_Learn_Kelly.txt","TRUNCATED","he world, but to earn the name of mother, the true","spirit of unselfish motherhood must become a part of us. No love in all the world equals the love of a true mother. President Joseph F. Smith said th"
38,"May","V38_05_23_Art_Start_With_Yoursel_Miner.txt","NEEDS_PDF_QC","t Wonderful Mother of Mine—Goodwin 15 Those Songs","My Mother Used to Sing—Smith _ 16 HH i> FIRST OF ALL— RELIABILITY H: 4 45-47 SOUT MAIN STREET SALT LAKE CITY 1, UTAH Ce, RELIEF SOCIETY MAGAZINE—MAY 1"
38,"May","V38_05_25_Poem_Blossoming_Harwood.txt","NEEDS_PDF_QC","ill remain. She Road Ys Marked Grace Barker Wilson","The road is marked, But here a little path Winds away Almost unnoticed; A little path, No signs, no warnings, Just the faint beckoning Of lightly trod"
38,"May","V38_05_26_Poem_The_Road_Is_Wilson.txt","COMPLETE_NEXT_ART","ing curve As it drops from sight Over the hill. My","Heart Js Bound Josephine ]. Harvey As the constant hours pass And lengthen into years, I will treasure loveliness. I will see a white bird soar, Above"
38,"June","V38_06_02_Art_President_David_O._Richards.txt","COMPLETE_NEXT_ART","st High God, lover of mankind—my friend. President","Stephen L Richards Sustained First Counselor in the First Presidency, April 9, 1951 Elder John A. Widtsoe Of the Council of the Twelve HERE is streng"
38,"June","V38_06_04_Poem_Charmer_Powell.txt","TRUNCATED","moaning in tnbulation. I do not know the cure. The","questions involved are so nearly infinite in their vision that I question whether any human mind can answer them. But it is my faith that if the peopl"
38,"June","V38_06_05_Poem_Question_Burk.txt","NEEDS_PDF_QC","ck into the presence of our Heavenly Father. 2 «Pe","Sunday in the Country Christie Lund Coles Sunday in the country was a day Quite set apart, even by the way The sun shone, more luminously bright Betwe"
38,"June","V38_06_10_Poem_Eliza_R._Snow.txt","COMPLETE_NEXT_ART","Poem Contest]  Eliza R. Snow Poem Contest and the","Relief Society Short Story Contest are conducted annually by the general board of Relief Society to stimulate creative writing among Latter-day Saint "
38,"June","V38_06_11_Art_Relief_Society_Sho.txt","COMPLETE_NEXT_ART","st, 40 North Main, Salt Lake City 1, Utah. O-<P-e","Fragrant Memories Grace Barker Wilson Remembered things are poignant as today: The scent of violet, The young, green odor of a fresh-cut lawn, Essence"
38,"June","V38_06_15_Art_Lets_Write_a_Bailey.txt","NEEDS_PDF_QC","the Council of the Twelve, died April 30, 1951, in","Salt Lake City, Utah. A beautiful and gracious woman, she was richly gifted and greatly loved. Emma Lucy Gates was born in St. George, Utah, November "
38,"June","V38_06_21_Art_Nursing_A_Lifetime_Mellor.txt","UNCLEAR_NOT_FOUND","8
East 2nd South, Salt Lake City, Utah. 
For the",""
38,"June","V38_06_28_Art_Notes_From_the.txt","UNCLEAR","y. ——- -- J Love My Little Kitchen Lydia B. Egbert","I love my little kitchen The tinkling sound of pots and pans With its cosy atmosphere— Before the dinner call. Oh, there never was a palace That could"
38,"July","V38_07_02_Fict_A_Vacation_for_Young.txt","COMPLETE_NEXT_ART","o Westville?"" she asked the agent eagerly. _>- She","Gardener Grace Sayre Retired now, with leisure on his hands, He bends above his work—a city lot For gardening—he has leased. Here he can grow The veg"
38,"July","V38_07_03_Poem_The_Gardener_by.txt","COMPLETE_NEXT_ART","While he, with simple faith, communes with God. On","Petals Falling Maryhale Woolsey Down to the warm, gray dust of summer sifting, Rose-petals flutter, exquisitely drifting. No longer mere drab dust, un"
38,"July","V38_07_11_Art_New_Ways_With_Hansen.txt","COMPLETE_NEXT_ART","onion individual meat cakes 1 tbsp. Diced celery","An Inexpensive Outfit for the Baby | Helen Martin A young friend of mine, who is expecting her first baby, lamented the high cost of an outfit for the"
38,"July","V38_07_12_Art_An_Inexpensive_Out_Martin.txt","UNCLEAR_NOT_FOUND","providing an outfit for the new baby. "" 
For the",""
38,"July","V38_07_13_Fict_For_the_Strength_Harmer.txt","COMPLETE_NEXT_ART","low, ragged outline against the blue sky. Ti tied","Graham Crackers for Summertime (Desserts Sara Mills A™ season of the year is the time of easy desserts, as far as I am concerned. In summertime the de"
38,"July","V38_07_14_Art_Graham_Crackers_fo_Mills.txt","TRUNCATED","he Magazine. Elder Leland H. Monson, author of the","theology lessons, ""Characters and Teachings of the Book of Mormon,"" is a member of the general board of the Deseret Sunday School Union.. He was born "
38,"July","V38_07_16_Art_Origin_and_Analysi_Monson.txt","NEEDS_PDF_QC","mon Gems of Truth"" is the title of a new series of","Visiting Teacher Messages for the year 1951-52. As the theology course is a study of the Book of Mormon, we feel it will be very profitable and that i"
38,"July","V38_07_18_Art_And_Behold_I_Jacobs.txt","UNCLEAR_NOT_FOUND","in his desire to bepoetry, and essay. Goldsmith wr",""
38,"July","V38_07_25_Poem_Light_and_Shadows.txt","TRUNCATED","urged me on And lent a guiding hand. So, for these","first important steps, And since you've gone away, I wore your bright red slippers, And I walked alone today. On Old Faces Mabel Law Atkinson We see L"
38,"July","V38_07_26_Poem_First_Steps_by.txt","COMPLETE_NEXT_ART","ght red slippers, And I walked alone today. On Old","Faces Mabel Law Atkinson We see Lovely etchings On old faces, For time's artistic brush Records each thought of beauty... Through the years. Desert Sc"
38,"August","V38_08_01_Poem_August_Smith.txt","COMPLETE_NEXT_ART","MATILIJA POPPIES San Gabriel Mountains, California","The Constitution and the United Nations Charter I. THE BACKGROUND OF LIBERTY Elder Albert R. Bowen [This is the first of a short series of articles de"
38,"August","V38_08_05_Art_Sixty_Years_Ago.txt","TRUNCATED","fragrant flowers, Or the melody of some long-lost","song, Which wakes in our soul where remembrance stays, The joys which e'en time can never outlive And in hours of pleasure, or darkest days A nameless"
38,"August","V38_08_06_Poem_Song_Romolo.txt","TRUNCATED","3-2741; Subscriptions 246; Editorial Dept. 245. S","ubscription Price: $1.50 a year; foreign, $2.00 a year; payable in advance. Single copy, 15c. The Magazine is not sent after subscription expires. No"
38,"August","V38_08_09_Poem_Deep_in_This_Larsen.txt","TRUNCATED","t due to her numerous cuts and lack of interest in","her school work (she's in love) the dean thought it advisable that she check out of school before the ""F's"" she was earning went on her permanent reco"
38,"August","V38_08_12_Art_Boxes_For_Beauty_Luce.txt","NEEDS_PDF_QC","on the straight of the material. A second ly 3 SS","Page 536 HOW TO MAKE FLUFFY RUGS «537 reason for using bias strips is this: when stitched through the center, every thread of a bias strip is anchore"
38,"August","V38_08_16_Art_Salad_Days_Mills.txt","COMPLETE_NEXT_ART","ace a heavy weight over the cucumbers, leaving the","The Silken Bond. Alice Morrey Bailey -ELEN Vincent would not leave the bus until it pulled out with her mother and her baby. Her mother cared for Nora"
38,"August","V38_08_18_Art_Visiting_Teacher_M_Jacobs.txt","NEEDS_PDF_QC","; Zelda D. Howard, who read her poem ""The Power of","Prayer""; Gladys Price, who read her poem ""Too Busy""; Bernice Bywater, who wrote the skit ""The Relief Society Red Hen."" Back row, standing, left to rig"
38,"August","V38_08_19_Art_Notes_From_the.txt","NEEDS_PDF_QC","; Zelda D. Howard, who read her poem ""The Power of","Prayer""; Gladys Price, who read her poem ""Too Busy""; Bernice Bywater, who wrote the skit ""The Relief Society Red Hen."" Back row, standing, left to rig"
38,"August","V38_08_20_Poem_Prayer_Gustafso.txt","COMPLETE_NEXT_ART","A Course for Optional Use by Wards and Branches at","Work Meeting) Lesson 2—Patching Jean Ridges Jennings For Tuesday, November 13, 1951 (Textbook: The Complete Book of Sewing, by Constance Talbot. ) Gop"
38,"August","V38_08_21_Art_Work_Meeting_Sewin_Jennings.txt","NEEDS_PDF_QC","or illustrations of patches, see text, page 215. O","Literature—The Literature of England Lesson 18—Two Pre-Romantic Poets: James Thomson and William Collins Elder Briant S. Jacobs For Tuesday, November "
38,"September","V38_09_01_Poem_Desert_Balm_Fronti_Ekman.txt","NEEDS_PDF_QC","ph by Josef Muench Cover Design by Evan Jensen The","Constitution and the United Nations Charter II. Rights Guaranteed by the Constitution Albert R. Bowen | N the first of this series of four articles is"
38,"September","V38_09_06_Art_Notes_to_the.txt","UNCLEAR_NOT_FOUND","23 24 GENERAL OFFICERS
2,002 2,091 STAKE OFFICERS",""
38,"September","V38_09_07_Art_Visiting_Teacher_M_Jacobs.txt","UNCLEAR_NOT_FOUND","y Leone O. Jacobs]

visiting teachers. 
Hal Rumel",""
38,"September","V38_09_09_Fict_Through_This_Door_Stewart.txt","TRUNCATED","ss song. There are words I will remember, Echoing","from some far yesterday That caused my heart to lift, My soul to gather courage As a lamp against the night. Remembered words that you have spoken Go"
38,"September","V38_09_11_Art_Annual_Report_1950.txt","UNCLEAR","ED ON SEWED SEWED FOR CHURCH WELFARE PROJECTS EXAT","WORK. THEMSELVES pet —_ CLUSIVE OF WORK MEETINGS AND FAMILY MEETING SEWING a a a a PS SS SS Fame e tee et ote ee ete ew eee tw ee eo wa ae ae et at a "
38,"September","V38_09_14_Art_How_to_Make_Ricks.txt","NEEDS_PDF_QC","memakers many more may be added. ol iterature— The","Literature of England Lesson 19—Two Other Pre-Romantic Poets: Thomas Gray and William Cowper Elder Briant S. Jacobs For Tuesday, December 18, 1951 Th"
38,"September","V38_09_15_Art_Literature_Two_Oth_Jacobs.txt","NEEDS_PDF_QC","browned flour, and cream. Serves about 8. 4 @ a q","Lying in the Sun Christie Lund Coles What am I doing lying here? Nothing, I must say, Except absorbing leaf and bough Of a cloudless day; Watching ski"
38,"September","V38_09_16_Poem_Healing_Gabbott.txt","NEEDS_PDF_QC","browned flour, and cream. Serves about 8. 4 @ a q","Lying in the Sun Christie Lund Coles What am I doing lying here? Nothing, I must say, Except absorbing leaf and bough Of a cloudless day; Watching ski"
38,"October","V38_10_01_Poem_Autumn_Sadleir.txt","UNCLEAR_NOT_FOUND","despairs. M any times he would be seen briefly in",""
38,"October","V38_10_03_Art_Gifts_From_the.txt","NEEDS_PDF_QC",", black, and red costumes, ornately patterned. The","Constitution and the United Nations Charter III. Some Possible Effects of World Government Upon Constitutional Liberty Elder Albert R. Bowen beginnin"
38,"October","V38_10_05_Fict_Every_Step_of_Burt.txt","TRUNCATED","os bottle in the door pocket. Then she opened the","kitchen door and gave one last swift look about to be sure everything was shut.. She locked the RELIEF SOCIETY MAGAZINE—OCTOBER 1951 door, hid the key"
38,"October","V38_10_13_Art_Editorial_The_Sabb_Sharp.txt","COMPLETE_NEXT_ART","n October— Turning the leaves of memory one by one","The Family Reunion Elsie C. Carroll loaded car winds up a mountain road, crossing cool streams splashing and gurgling over beds of shining stones, wi"
38,"October","V38_10_17_Art_How_to_Make_Boyer.txt","NEEDS_PDF_QC","singing Summer is leaving, And wedges of mallards","Summer is over. Point southward in winging. The stubbles are under, The orchards announce it The furrows are drying With crimson boughs bending, And g"
38,"October","V38_10_24_Art_Work_Meeting_Sewin_Jennings.txt","NEEDS_PDF_QC","ing through the blanket stitches. of iterature—The","Literature of England Lesson 20—Robert Burns (1759-1796) Elder Briant S. Jacobs For 'Tuesday, January 22, 1952 Or all the poets of the Western World, "
38,"October","V38_10_25_Art_Literature_Robert_Jacobs.txt","TRUNCATED","ngland itself. — INlo nument Mabel Law Atkinson No","monument of stone Will ever laud my name; And I shall come and go my way unknown To halls or books of fame; ~ Yet I shall be content If when my day is"
38,"October","V38_10_26_Poem_Monument_Atkinson.txt","NEEDS_PDF_QC","East First South. << i rles Evelyn Wooster Viner","Anniversaries are set apart Within the archives of the heart; Clear written on the mind's bright stone Glow memories, which, for us alone, Are mellowe"
38,"November","V38_11_01_Art_If_You_Live_Spafford.txt","NEEDS_PDF_QC","de For quiet jewels of peace are night-inlaid. The","Constitution and the United Nations Charter IV. Some Possible Effects of World Government Upon Constitutional | Liberty (Concluded) Elder Albert R. Bo"
38,"November","V38_11_10_Art_Add_Sparkle_and_Wilkinso.txt","COMPLETE_NEXT_ART","less your friends and your enemies. —Brigham Young","The Neglected Art of Photo-Coloring Clara Laster BOUT eight wears ago I taught myself the art of photo-coloring. This knowledge has been not only a s"
38,"November","V38_11_12_Art_A_Faith-Promoting_Warburto.txt","COMPLETE_NEXT_ART","timony to the truth of the everlasting gospel. O_o","November Wind Zera Wilde Earl The honeysuckle vine keeps tapping, tapping Outside the window in the fading light; Its leaves still cling though summer"
38,"November","V38_11_14_Art_Notes_to_the.txt","COMPLETE_NEXT_ART","A Course for Optional Use by Wards and Branches at","Work Meeting) Lesson 5—Mending Woolens Jean Ridges Jennings For Tuesday, February 12, 1952 (Textbook: The Complete Book of Sewing, by Constance Talbot"
38,"November","V38_11_15_Art_Work_Meeting_Mendi_Jennings.txt","NEEDS_PDF_QC","wn motion, not a sliding motion. of iterature— The","Literature of England Lesson 21—William Blake (1757-1827) _ Elder Briant S. Jacobs For Tuesday, February 19, 1952 UPPOSE we were to liken the eventual"
38,"November","V38_11_17_Art_Music_Music_Apprec_Madsen.txt","UNCLEAR_NOT_FOUND","ges. Let us grow old splendidly.
1 1 Count (flood",""
38,"November","V38_11_18_Art_Grow_Old_Splendidl_Viner.txt","COMPLETE_NEXT_ART","Wooster Viner]  grow old splendidly. > Mount Hood","Beatrice K. Ekman Up from the forest-fringe at timberline, Above near hills where firs stand, row on row, A glazed, white apron covers the steep incli"
38,"December","V38_12_01_Poem_Song_for_Midnight_Roberts.txt","TRUNCATED","ds Of the First Presidency & [Address Delivered at","the Annual General Relief Society Conference, October 4, 1951] | FEEL very humble, my sisters, in following the masterful address of your President, f"
38,"December","V38_12_02_Art_The_Annual_General_Pickerin.txt","UNCLEAR","tances so impressively given to us here today. THE","RESPONSIBILITY OF RELIEF SOCIETY MEMBERS There must have been a divine end to be subserved in this organization, and it is evident that this end is be"
38,"December","V38_12_03_Art_The_Responsibility_Richards.txt","UNCLEAR_NOT_FOUND","port and great significance to dren, and made them",""
38,"December","V38_12_07_Art_Relief_Society_and_Romney.txt","TRUNCATED","d a coin to the beggar. We must come to learn that","the gift without the giver is bare. I have heard it argued that it is folly to give a woman cloth with which to make a dress, when she has no sewing m"
38,"December","V38_12_10_Art_Notes_to_the.txt","TRUNCATED","ments were greatly reduced, the number of hours of","work meeting sewing increased from 1,154,763 to 1,249,613 or an increase of 94,850 hours. 'There was an increase of 1,658 in the number of articles co"
38,"December","V38_12_16_Art_Recipes_for_Christ_Smith.txt","NEEDS_PDF_QC","uice dash of nutmeg 2 tbsp. Butter.. Dash of salt","Planning a Christmas Sable Marian R. Boyer HE first thing to remember in decorating your Christmas table is to choose one idea. Then play it up in a "
38,"December","V38_12_21_Poem_December_Has_Her_Gabbott.txt","COMPLETE_NEXT_ART",", clean look it wears When summer showers pass; Hl","Christmas Star Sree Bertha Lorentzen Home Service Department, Mountain Fuel Supply Company Time: 8 Minutes Le a er |1 c. Butter saspeeenencsetnene-no"
38,"December","V38_12_23_Art_Theology_Coriantum_Monson.txt","NEEDS_PDF_QC","e found on page 217 of the text. Of iterature— The","Literature of England Lesson 22—Two Romantic Essayists: Lamb and Hazlitt Elder Briant S. Jacobs For Tuesday, March 18, 1952 HUS far in our attempts at"
38,"December","V38_12_26_Poem_Winter_Witchery_Norton.txt","NEEDS_PDF_QC","irit the peace of a hymn. IT luséc—Fundamentals of","Musicianship APPRECIATION, CONDUCTING, SINGING, AND ACCOMPANYING Lessons for Union Meetings for 1951-52 Lesson 14—Conducting With the Six-eight (6/8)"
39,"March","V39_03_01_Poem_The_Women_of_Coles.txt","COMPLETE_NEXT_ART","an Jensen Josef Muench UTAH LAKE, NEAR PROVO, UTAH","Relief Society in the Lives of Latter-day Saint Women [Address Delivered at the Annual General Relief Society Conference, October 4, 1951] Counselor M"
39,"March","V39_03_05_Art_A_Family_Is_Hansen.txt","NEEDS_PDF_QC","Today is a gift— You are right! From Spring. Lets","Stuff a Rug Thalia Black oo strips of material three inches wide, and sew together end to end. Cut strips of cotton batting one-inch wide and fold ins"
39,"March","V39_03_07_Art_The_Spirit_of_Lyman.txt","UNCLEAR","ra asked again. ""A football."" Now Timothy was ""THE","LEAST OF THESE"" angry, because she had asked such a simple thing as that. She pointed to the mysterious ' black letters, quite high, under the picture"
39,"March","V39_03_09_Art_Relief_Society_and_Aki.txt","COMPLETE_NEXT_ART","Lord bless you all. This I ask in Jesus' name. She","Last Snov Ouida J. Pedersen This is the last snow,, No longer does it swoop With widespread wings To camouflage the earth, Nor softly fall With white "
39,"March","V39_03_15_Art_Editorial_A_Messag_Spafford.txt","COMPLETE_NEXT_ART","ters is recalled with gratitude. Y¥ © &* & All Her","Ways Are Peace "" Katherine F., Larsen Always they have such gentle hands, the ones Who are born to ease the world's encumbering load: Laving tired, du"
39,"March","V39_03_18_Art_Notes_to_the.txt","COMPLETE_NEXT_ART","ans LaVell King' Naomi May Chandler Della W. Alder","Patriarch Nellie B. Brenchley Frail he stands, with shoulders bent, Against the pulpit's strength he leans, And speaks to a silent throng, intent Upon"
39,"March","V39_03_21_Poem_Command_by_Matia.txt","COMPLETE_NEXT_ART","rious song of desert spring May pour. Josef Muench","Sound Gene Romolo Only the immobile lips of clay keep Ever silent. With more potent hearing, We might hark to the greening grass repeat Strange, blit"
39,"March","V39_03_22_Poem_Sound_by_Gene.txt","TRUNCATED","les Wangsgaard CVAJHERE did you get that hat? It's","the crowning touch. Perfect with that green suit! I've looked everywhere and "" 'That's what they say.: Where did I get it? I made it. Why don't you tr"
39,"March","V39_03_23_Art_The_Crowning_Touch_Wangsgaa.txt","NEEDS_PDF_QC","e left side, the pinning may be reversed. 2-2 Old","Road Vesta N. Lukei A mountain road, abandoned long ago To summer growth of fern and winter snow, To falling needles of the pine and fir, Becomes in l"
39,"March","V39_03_25_Poem_Valley_Harbor_by.txt","TRUNCATED","y,]  Valley Harbor Josephine J. Harvey Up from the","valley, Beyond the circling hills, I went in search of you. I wandered unfamiliar paths, Finding only alien hearts, And no rest harbor for my soul. Al"
39,"March","V39_03_33_Poem_Faded_Memory_by.txt","COMPLETE_NEXT_ART","ded memory and tossed its breath to me. Page 20] A","Family Ys What You Bake Lt Elsie Sim Hansen HE other night, much to my surprise, my husband came home with a loaf of bread tucked under his arm. | As "
39,"April","V39_04_02_Art_Elder_Joseph_F._Benson.txt","TRUNCATED","mporized. 'This love for learning took him to four","eastern universities for advanced work. His love of knowledge was a vital part of his very being, not only during the thirty-five years as a member of"
39,"April","V39_04_11_Art_Your_Flower_Garden_Newbold.txt","COMPLETE_NEXT_ART","mber drive even the hardiest gardener indoors. She","Second Spring Elsie Sim Hansen Geaheayp slips over the hills into Southern California almost before Rebriaey has left the calendar, bringing with her "
39,"April","V39_04_16_Fict_Uncertain_Possessi_Parsons.txt","NEEDS_PDF_QC","sible! Of course the (Continued on page 275) A Tew","Life for Old Greeting Cards Clara Laster E ERY family has a number of old greeting cards, and there are always a few marked ""special."" These cards ar"
39,"May","V39_05_01_Art_A_Tribute_to_Madsen.txt","TRUNCATED","PRING had come to Indian Bend, and on that Sabbath","morning in May the world was at its loveliest. Our apple trees were gowned in white blossoms, and in the willows by the creek the blackbirds were hold"
39,"May","V39_05_04_Art_Lily_Pool_Rock_Luce.txt","COMPLETE_NEXT_ART","YMPHAEA), RISES ABOVE ITS BROAD AND SHINING LEAVES","It Happened One Day Edna Rae Madsen PRING in Arizona is cool and pleasant. Bright cardinals flash everywhere; yellow grosbeaks fill the shrubs and bu"
39,"May","V39_05_06_Poem_Forever_Lukei.txt","COMPLETE_NEXT_ART","d sweetness that comes to perfection in Maytime. I","Revelation Marian Schroder Crothers The tiny, dormant seeds, That break through shrouding sod, To flower in perfection, Reveal the hand of God. Sixty "
39,"May","V39_05_09_Art_Womans_Sphere_Cannon.txt","UNCLEAR_NOT_FOUND",", down to the seven great-great grandchildren.  CQ",""
39,"May","V39_05_14_Art_Things_My_Mother_Young.txt","COMPLETE_NEXT_ART","memory, as she, my mother, gave to me. YY FY Be Ga","Some Spring Grace Sayre Some spring, when lilacs wave their purple plumes And sweet wisteria hangs her pendant blooms, Through starry night and mystic"
39,"May","V39_05_16_Art_A_Needle_and_Smith.txt","COMPLETE_NEXT_ART","nd on her favorite hobby—quiltmaking. MARTHA JONES","Every Night at Our House Thelma Hatch E_ have lots of good times at ° our house—turkey dinners, birthday parties, blizzards, and everything that makes"
39,"May","V39_05_17_Art_Every_Night_at_Burk.txt","NEEDS_PDF_QC","all answer in a chorus, ""you just woke us up!"" os","Recipe for American Chop Suey Lila B. Smith I like to make chop suey in the morning when I am going out to Relief Society or Primary, and have it read"
39,"May","V39_05_18_Poem_Recipe_for_America_Bailey.txt","UNCLEAR","ASPEN TREES IN THE WASATCH MOUNTAINS, UTAH + %r OF","A Certain Pledge Harriett L. George A tree stands like a certain pledge Of God's unfailing love; So sturdy and dependable, It reaches far above The ot"
39,"May","V39_05_23_Poem_Re-Entrance_of_Spr_Atkinson.txt","NEEDS_PDF_QC","ss. (To be concluded) Rindness 'Mabel Law Atkinson","Kindness Is the language Requiring no training For the deaf to hear or the dumb To speak. Gnvited Lael W. Hill Prim-shod, along the pavement I walk my"
39,"June","V39_06_01_Poem_At_the_Final_Larsen.txt","COMPLETE_NEXT_ART","ograph: Grove on Mount Timpanogos, Utah; Hal Rumel","An Appreciation of The Book of Mormon Elder Leland H. Monson [Address Delivered at the Annual General Relief Society Conference, October 3, 1951] E li"
39,"June","V39_06_03_Art_Here_Am_I_Wirthlin.txt","UNCLEAR","the office of Presiding Bishop, there will come to","THE CHURCH SUSTAINS A NEW PRESIDING BISHOPRIC 373 Bishop Wirthlin the great honor and privilege of presiding over the Aaronic Priesthood of the entir"
39,"June","V39_06_06_Poem_Eliza_R._Snow.txt","COMPLETE_NEXT_ART","Poem Contest]  Eliza R. Snow Poem Contest and the","Relief Society Short Story Contest are conducted annually by the general board of Relief Society to stimulate creative writing among Latfer-day Saint "
39,"June","V39_06_07_Art_Relief_Society_Sho.txt","NEEDS_PDF_QC","ontest, 40 North Main, Salt Lake City 1, Utah. ST","Creation of Poetry Margery S. Stewart* Great, wide, beautiful, wonderful world, With the wonderful waters 'round you curled, And the wonderful grass u"
39,"June","V39_06_12_Art_Sixty_Years_Ago.txt","NEEDS_PDF_QC","of thousands of Latter-day Saints who crowded into","Salt Lake City on April 4, 5, and 6, 1952. The experience of one convert sister was typical of the faithful. She reached the Tabernacle on Sunday morn"
39,"June","V39_06_21_Art_Notes_From_the.txt","NEEDS_PDF_QC","review of Lessons for 1952-53 Leone O. Jacobs 'HE","Visiting Teacher Messages for the year 1952-53 are a continuation of the course ""Book of Mormon Gems of Truth."" The scriptural passages for these mess"
39,"June","V39_06_24_Poem_Alchemy_Miner.txt","TRUNCATED","gazine. She is Mrs. Rhea H. Gardner, author of the","work meeting lessons on ""Home Management."" Rhea Hurst Gardner, Home Management and Furnishings Specialist for the Utah State Agricultural College Exte"
39,"June","V39_06_27_Poem_The_Quiet_Night_Harvey.txt","TRUNCATED","a silk Caught upon each leafing bough; Here... The","unquestioned miracle The doubting heart... Believing now. Land of Gold Vesta N. Lukei Green aisles of peace are these Amid the orange trees That, frag"
39,"July","V39_07_01_Poem_Westward_in_This_Roberts.txt","UNCLEAR_NOT_FOUND","tors, such as vision to the rise and fall of civil",""
39,"July","V39_07_03_Art_What_Might_Have_Powers.txt","NEEDS_PDF_QC","Our final going is a natural oo or ~ Oa ope EGA ay","Page 433 Canadian Rockies Cradle Church Settlements Claire W. Noall N the national parks of the Canadian Rockies we find the backdrop for the Latter-"
39,"July","V39_07_04_Art_Canadian_Rockies_C_Noall.txt","NEEDS_PDF_QC","linting with the same (Continued on page 495) ~~ A","Time to Forget CHAPTER 1 Fay Tarlock 667'M awfully sorry,"" Serena Abbe said. She bent to pick up her pencil which' had dropped to the floor. ""Will yo"
39,"July","V39_07_05_Fict_A_Time_to_Tarlock.txt","TRUNCATED",". Whatever life she lived would be lived with his","memory. She was polite, sometimes friendly to the men she knew, as long as they asked for no more than a surface friendliness. Anything more sent her"
39,"July","V39_07_10_Fict_A_Message_in_Porter.txt","TRUNCATED","riskly the three blocks to meet her Relief Society","visiting teacher companion, Sister Reva Norris, who had called earlier and made the appointment that morning. ""How long have I kept you waiting?"" pant"
39,"July","V39_07_13_Art_Adventure_in_Glass_Christen.txt","TRUNCATED","who stand as rooted to this land As any tree, know","suddenly the flight Of wild birds winging, spirits lifting, and The surge of throbbing blood in every vein— And, oh, my quickened heart pursues the tr"
39,"July","V39_07_14_Poem_Sudden_Flight_Lukei.txt","NEEDS_PDF_QC","teaching abstinence will help. —From The Clipsheet","Uncertain Possession CHAPTER 7 Beatrice R. Parsons Synopsis: Lorna Ashton, an orphan,. Who has no home of her own and has lived with a cousin, marrie"
39,"July","V39_07_15_Fict_Uncertain_Possessi_Parsons.txt","UNCLEAR","ch-needed tools, the carpenter, the mason, and BY","EARLY CANDLELIGHT 467 the cooper, who made and repaired casks and barrels. The women were contributing their spinning. Weaving, soap, and sewing. Fina"
39,"July","V39_07_18_Art_Social_Science_The_Bennett.txt","COMPLETE_NEXT_ART","resident of Humboldt Stake Relief Society. Y v Y S","Rosepetal Carpe! Mabel Jones Gabbott Rosepetals carpet the lawn where 1 must mow; But yesterday, it seems, in amber grace They leaned upon the breeze,"
39,"July","V39_07_19_Poem_Rosepetal_Carpet_Gabbott.txt","COMPLETE_NEXT_ART","ourse Recommended for Use by Wards and Branches at","Work Meeting) Lesson 1—-The Management of My Home Rhea H. Gardner For Tuesday, October 14, 1952 BUSINESSES have risen to monumental heights and have f"
39,"July","V39_07_20_Art_Work_MeetingHome_M_Gardner.txt","NEEDS_PDF_QC","lness That clings unseen about the motherless, She","Summer-Hearted Lael W. Hill She saw red roses twined about a mailbox, White daisies starring pathways down the hill, | Long, green hair of the weeping"
39,"August","V39_08_11_Art_How_to_Renew_Black.txt","NEEDS_PDF_QC","damp cloth.  Photograph, Courtesy Myrtle Janson A","Paint-Brush Hobby Lillian Bunker Corry, Cedar City, Utah, and Some of Her Oil Paintings Mrs. Lillian Bunker Corry, proprietor of ""Lillian's Toy and Gi"
39,"August","V39_08_12_Art_A_Paint-Brush_Hobb.txt","TRUNCATED","s studied the pipe organ and has been organist and","social science teacher in Relief Society. ""Somehow, I can't do things by halves,"" she says. ""I'm very happy with my little shop, even though I did hav"
39,"August","V39_08_13_Art_Social_Science_The_Bennett.txt","UNCLEAR_NOT_FOUND","full of opportunities for anyone at any age!""'  A",""
39,"August","V39_08_14_Fict_A_Time_to_Tarlock.txt","TRUNCATED","Luis rode with him. HE tall, sun-tanned man wasted","no words on small talk. ""You seem to have yourself a hired man,"" he announced, as he got out of the car. 539 ""I couldn't understand what he meant,"" Se"
39,"August","V39_08_16_Art_Children_Can_Cook_Payne.txt","COMPLETE_NEXT_ART","soon discover that your children can cook. Es iG S","Home Light Sylvia Probst Young I stood high on a hill and watched the night, With gentle arms enfold a quiet town, As one by one the yellow lights sho"
39,"August","V39_08_21_Art_Notes_From_the.txt","TRUNCATED","-three, who served from 1908 to 1930. She became a","visiting teacher when the Garden City Ward Relief Society was first organized in 1879. She also acted as Y. W. M. I. A. President for many years and h"
39,"August","V39_08_23_Poem_Nocturne_Harwood.txt","COMPLETE_NEXT_ART","ourse Recommended for Use by Wards and Branches at","Work Meeting) Lesson 2—The Use of Time Rhea H. Gardner For Tuesday, November 11, 1952 Time is all the capital stock there is on the earth. You should"
39,"August","V39_08_24_Art_Work_Meeting_The_Gardner.txt","NEEDS_PDF_QC","e loveliness the vineyard yields. of iterature—The","Literature of England Lesson 26—Coleridge the Poet (1772-1834) Elder Briant S. Jacobs (Textbook: The Literature of England, II, Woods, Watt, Anderson,"
39,"August","V39_08_25_Art_Literature_Colerid_Jacobs.txt","NEEDS_PDF_QC","SAITV ahha 1 MAIN STREET SALT Ms city 3, had ic Co","Page 567 Garden Romance Eva Willes Wangsgaard A hummingbird has paused to whir Where hollyhocks are swinging; Rose-colored ruffles rise and stir To g"
39,"September","V39_09_01_Art_Decisions_and_Free_Romney.txt","TRUNCATED","hat the purpose of mortality was to provide men an","opportunity to be tested in the exercise of their agency. ""We will prove them herewith,"" he quoted the Lord as saying, ""to see if they will do all thi"
39,"September","V39_09_06_Art_Your_Child_Is_Luce.txt","COMPLETE_NEXT_ART","ng words. ~~ a Bo Sure to Vote on Vovervber 4th! I","Sixty Years Ago Excerpts From the Woman's Exponent, September 1, and September 15, 1892 ""For THE RIGHTS OF THE WOMEN OF ZION AND THE RIGHTS OF THE Wom"
39,"September","V39_09_11_Art_Adventure_in_Glass_Christen.txt","COMPLETE_NEXT_ART","d pieces owned by lovers of beautiful glass. Jo My","Absent Neighbor Zera Wilde Earl I passed by your old home this afternoon. Its fields lay bare in late-fall somnolence; A cloud of blackbirds rose, the"
39,"September","V39_09_16_Art_Work_MeetingHome_M_Gardner.txt","TRUNCATED","e kept and handed down from one generation to anot","her, ""And be kept and preserved by the hand of the Lord until they should go forth unto every nation, Page 623  624 RELIEF SOCIETY MAGAZINE—SEPTEMBER"
39,"September","V39_09_17_Art_Annual_Report_1951.txt","NEEDS_PDF_QC","ciety Magazine, February 1948, page 101. Eee slihe","Literature of England -Lesson 27—Sir Walter Scott (1771-1832) Elder Briant S. Jacobs (Textbook: The Literature of England, II, Woods, Watt, Anderson, "
39,"October","V39_10_10_Art_Adventure_in_Glass_Christen.txt","NEEDS_PDF_QC","e function of glass, which is to transmit light. A","Case for Martha Part II Hannah Smith Synopsis: Janet Winters was delighted when Frances Brooker arrived to spend the summer as a house guest while she"
39,"October","V39_10_15_Poem_Late_Harvest_Ekman.txt","UNCLEAR_NOT_FOUND","Frosted daintily. o/ Vi/outd Sing
Mary Gustafson",""
39,"October","V39_10_17_Poem_Design_for_Leaves_Thayne.txt","UNCLEAR","r leaf Frosted dainty. J Would Sing Mary Gustafson","I would sing of the wind in the redwood; A squirrel that scampers its limbs; Thrushes that carol a melody Of praises and psalms and hymns, I would sin"
39,"October","V39_10_19_Art_Aunt_Emma_Webb.txt","NEEDS_PDF_QC","outstanding example of ""growing old gracefully."" a","Rainmaker - Pansye H. Powell I know a way To make it rain: Go out and wash A windowpanel Page 684 New Values in the Family Hour Fay Knight Jones BYEN"
39,"October","V39_10_23_Art_Notes_From_the.txt","UNCLEAR","va Garfield FARR WEST STAKE (UTAH), FARR WEST WARD","VISITING TEACHERS MAKE 100 PER CENT RECORD FOR 1950-51 Front row, seated, left to right: Grace Coy; Anna Westergard; Annie Wayment; Zenia Chugg; Jane"
39,"October","V39_10_26_Poem_Intervenings_Jennings.txt","NEEDS_PDF_QC",", Yellow and gold; A gypsy's shawl. SL iertire— he","Literature of England Lesson 28—George Noel Gordon, Lord Byron (1788-1824) Elder Briant S. Jacobs (Textbook: The Literature of England, II, Woods, Wat"
39,"November","V39_11_02_Poem_A_Story_in_Sayre.txt","TRUNCATED","the bright field—a wonderland Of sparkling air—the","first snowfall. But countless dreams have run between The dogwood's grace to winter bloom; Along the margin, now briefly sketched Is winter's feathery"
39,"November","V39_11_04_Art_As_for_Me_Spafford.txt","TRUNCATED","may bear out, at least in some small measure, the","purposes for which we are convened. Today I should like to bring to your minds a message from an ancient prophet of Israel, the prophet Joshua. This "
39,"November","V39_11_05_Poem_Purpose_Lyman.txt","TRUNCATED","him, for it is not given to men to serve whom they","love not. We must love our neighbors as ourselves. It is attendant upon those who choose to serve the Lord to obey the ordinances and keep the command"
39,"November","V39_11_07_Art_Joy_Here_and_Sharp.txt","UNCLEAR_NOT_FOUND","is bishop, on fast day, the food that he or his fa",""
39,"November","V39_11_08_Poem_Heart_at_Rest_Ekman.txt","TRUNCATED","e or take time to ease the burden of others and to","magnify our callings and enlarge our souls, is my prayer. » Yea, blessed are they whose feet stand upon the land of Zion, who have obeyed my gospel; f"
39,"November","V39_11_10_Art_Report_and_Officia_Spafford.txt","UNCLEAR_NOT_FOUND","ion price can be maintained at the present rate of",""
39,"November","V39_11_16_Poem_Open_Your_Window_Richards.txt","COMPLETE_NEXT_ART","f the years Remains the same. | With my heart. She","Greatest Gs Love Betty Zieve ""Faith, hope, and love, these three... And the greatest of these is love."" All of us could love a little more and cry ove"
39,"November","V39_11_19_Art_Adventure_in_Glass_Christen.txt","TRUNCATED",", either flat or rolled Or, before filling is put","on, line dough with thinly sliced Italian ham, or any other flavorful meat Page 752 ADVENTURES IN EATING A, 753 Courtesy National Cotton Council CAS"
39,"November","V39_11_20_Fict_A_Time_to_Tarlock.txt","TRUNCATED","ader. The Secretary-Treasurer, Jane Miller, also t","eaches the literature essons. | President Stobbe reports: ""We had seven members when our Relief Society was organized, and now it has grown to sixteen"
39,"November","V39_11_25_Poem_If_You_Should_Wilson.txt","COMPLETE_NEXT_ART","wipe away my tears, and see your smile. Ly * ¥ * A","Parent Ts Always a Seacher We Learn About Honesty Caroline Eyring Miner of summer the children and I took a trip to the Petrified Forest, where we had"
39,"November","V39_11_26_Art_A_Parent_Is_Miner.txt","COMPLETE_NEXT_ART","ourse Recommended for Use by Wards and Branches at","Work Meeting) Lesson 5—Orderly and Convenient Storage Areas Rhea H. Gardner For Tuesday, February 10, 1953 i AMPLE storage space is essential to order"
39,"November","V39_11_27_Art_Work_Meeting_Order_Gardner.txt","NEEDS_PDF_QC","hip of disorder to irritability. ud ath rate = The","Literature of England Lesson 29—Percy Bysshe Shelley (1792-1822) Elder Briant S. Jacobs (Textbook: The Literature of England, II, Woods, Watt,~Anderso"
39,"November","V39_11_29_Poem_Memorable_Schow.txt","COMPLETE_NEXT_ART","ickedness never was happiness"" (Alma 41:10). *® ba","Autumn Night Elizabeth Waters - How black the fir trees loom against this hill, Their pointed shadows etched beneath the moon— How ghostly gleams this"
39,"December","V39_12_01_Poem_They_Looked_for_Hill.txt","TRUNCATED","Magi, The humble-minded and the truly wise— Noted","the star, the Child born in a stable. How many others turned away their eyes, Still looking for a king with mace and sceptre— So blinded by the litera"
39,"December","V39_12_02_Poem_The_Star_Romolo.txt","NEEDS_PDF_QC","om a painting by Carl Bloch, Camera Clix, New York","Home, and the Building of Home Life President J. Reuben Clark, Jr. [Address Delivered at the Annual General Relief Society Conference, October 2, 1952"
39,"December","V39_12_03_Art_Home_and_the.txt","TRUNCATED","esident J. Reuben Clark, Jr. [Address Delivered at","the Annual General Relief Society Conference, October 2, 1952] Y brethren, you. Do not count for much here today, and you sisters of the Relief Societ"
39,"December","V39_12_04_Art_The_Annual_General_Pickerin.txt","TRUNCATED","1952] Y brethren, you. Do not count for much here","today, and you sisters of the Relief Society, the greatest organization of women in the world, the oldest national organization in this country, I com"
39,"December","V39_12_05_Poem_Today_Atkinson.txt","TRUNCATED","m was continued—visiting teaching, literature, and","social science being presented. The ""Harmony Strings,"" composed of Afton Solomon, Maacah Taufer, Afton Woffinden and Rilla Rieger, accompanist, render"
39,"December","V39_12_14_Art_Womans_Sphere_Cannon.txt","TRUNCATED","and even the gold have been lost, but not so with","the Wise Men who first gave of themselves. Courtesy National Cotton Council Christmas Canthestor4 hiae al Home Ethel C. Smith Caramel Squares 2 c¢. Su"
39,"December","V39_12_15_Art_The_Wise_Men_Isaacson.txt","NEEDS_PDF_QC","""' pound butter 72 pound walnuts, ground or rolled","Page 820 CHRISTMAS CANDIES TO MAKE AT HOME 821 Cook sugar, water, syrup, butter, and ground almonds together, stirring frequently at first and const"
39,"December","V39_12_22_Fict_The_Fabric_of_Enos.txt","TRUNCATED","had been saving my money since the past June. The","first light snowfall came the eleventh of December and meant little to me except that our rolling acres on the lower slopes of 'Thousand Lake Mountain"
39,"December","V39_12_23_Poem_First_Snow_Ekman.txt","TRUNCATED","each neck and put them in a box of clean hay under","the Christmas tree. They were glad of the warm room and lay down gratefully. The third miracle came the next morning, and it came right straight down"
39,"December","V39_12_27_Fict_A_Time_to_Tarlock.txt","TRUNCATED","n now. ""T wish 'I didn't have to say it."" His deep","blue eyes pleaded with her to understand. ""You're an heiress yourself. Ever since you came, they've been hemming and hawing ~ A TIME TO FORGET and in"
39,"December","V39_12_28_Poem_Blue_Leitner.txt","NEEDS_PDF_QC","the older woman's face. (To be continued ) Jeff ro","Pageant of Night Eunice ]. Miles Impart Your secret, stars That calmly climb the skies, Untouched, unknown, flung far beyond The earth. You own No fea"
39,"December","V39_12_29_Poem_Pageant_of_Night_Miles.txt","COMPLETE_NEXT_ART","ourse Recommended for Use by Wards and Branches at","Work Meeting) Lesson 6—Household Cleaning Rhea H. Gardner For Tuesday, March 10, 1953 ""Cleanliness is.. Clean, orderly home is a mark of a good Christ"
39,"December","V39_12_30_Art_Work_Meeting_House_Gardner.txt","NEEDS_PDF_QC","ed from _ other state extension services. rege aie","Literature of England Lesson 30—John Keats (1795-1821) Elder Briant S. Jacobs (Textbook: The Literature of England, II, Woods, Watt, Anderson, Pp. 273"
39,"December","V39_12_31_Art_Literature_John_Ke_Jacobs.txt","TRUNCATED","mountain, Covered with late-fallen snow, Crept the","early morning sunrise, Warming all earth in its glow. Then, as the sun climbed the heavens To hang in the skies above, LNs & Make Wittens From Each ti"
39,"December","V39_12_33_Art_Not_Wholly_Yoursel_Richards.txt","UNCLEAR","South Main Ogden Salt Lake City Provo JE EOE I oe","A New Method of Map Construction Rose A. Openshaw NYLONG COMPANY P. O. Box 1436 Salt Lake City 10, Utah Please send me ----- packages NYLONG for whic"
