topic_num,topic_label,proportion,doc_id,filename,Title,Author,Article_Type,volume_num,year,month,proportion_pct
1,Gardening and Flower Displays,0.9797054261979259,5002,October_Vol35_10_Poem_Grace_M._Candland.txt,Grace M. Candland,NA,Article,35,1948,October,97.97
1,Gardening and Flower Displays,0.9789741548707244,4632,October_Vol34_14_Article_The_Shallow_Roberts.txt,The Shallow Roberts,Dorothy J. Roberts,Article,34,1947,October,97.9
1,Gardening and Flower Displays,0.9786193505427603,3075,January_Vol30_03_Article_While_the_Earth_Turns_Ekman.txt,While the Earth Turns Ekman,NA,Article,30,1943,January,97.86
1,Gardening and Flower Displays,0.9786002933619837,5068,V36_08_01_Poem_August_Rigby.txt,August Rigby,Mary Rigby,Poem,36,1949,August,97.86
1,Gardening and Flower Displays,0.9783907072144378,5241,V36_03_01_Poem_I_Have_Seen_Bailey.txt,I Have Seen Bailey,Alice Morrey Bailey,Poem,36,1949,March,97.84
1,Gardening and Flower Displays,0.9776026335114302,4243,October_Vol33_01_Poem_Yesterdays_Frontispiece.txt,Yesterdays Frontispiece,Beatrice K. Ekman,Frontispiece,33,1946,October,97.76
1,Gardening and Flower Displays,0.9758315938001798,5452,V37_12_43_Poem_Silences_by_LaVern.txt,Silences by LaVern,LaVerne J. Stallings,Poem,37,1950,December,97.58
1,Gardening and Flower Displays,0.9753081396924763,4346,August_Vol34_25_Poem_One_Roberts.txt,One,NA,Poem,34,1947,August,97.53
1,Gardening and Flower Displays,0.9749783160897014,5372,V37_04_19_Poem_Renewal_by_Grace.txt,Renewal by Grace,Grace Sayre,Poem,37,1950,April,97.5
1,Gardening and Flower Displays,0.974448123222494,5302,V36_11_13_Poem_November_Moon_Shomaker.txt,November Moon Shomaker,Margaret B. Shomaker,Poem,36,1949,November,97.44
1,Gardening and Flower Displays,0.9744175584312436,4918,March_Vol35_19_Article_Spring_Larsen.txt,Spring Larsen,NA,Article,35,1948,March,97.44
1,Gardening and Flower Displays,0.9743390359448909,386,April_Vol23_02_Poem_Promise_of_Pratt.txt,Promise of Pratt,Grace Zenor Pratt,Article,23,1936,April,97.43
1,Gardening and Flower Displays,0.9726370071743551,4982,November_Vol35_24_Poem_Desert_Dusk.txt,Desert Dusk,NA,Article,35,1948,November,97.26
1,Gardening and Flower Displays,0.971812314342606,4239,November_Vol33_30_Poem_Old_Leaves_Unknown.txt,Old Leaves,NA,Poem,33,1946,November,97.18
1,Gardening and Flower Displays,0.9704059113665169,5003,October_Vol35_11_Poem_Migrants_Marvin_Jones.txt,Migrants Marvin Jones,Marvin Jones,Article,35,1948,October,97.04
1,Gardening and Flower Displays,0.9699973777231169,5334,V36_09_02_Poem_Autumn_Shomaker.txt,Autumn Shomaker,Margaret B. Shomaker,Poem,36,1949,September,97
1,Gardening and Flower Displays,0.9691934820285476,1459,November_Vol25_00pb1_Poem_There_Summer.txt,There Summer,NA,Poem,25,1938,November,96.92
1,Gardening and Flower Displays,0.9687588256216487,5579,V37_03_32_Poem_The_Desert_Is.txt,The Desert Is,Florence Berrett Dunford,Poem,37,1950,March,96.88
1,Gardening and Flower Displays,0.9684640499852512,5304,V36_11_15_Poem_November_Day_Ekman.txt,November Day Ekman,Beatrice K. Ekman,Poem,36,1949,November,96.85
1,Gardening and Flower Displays,0.9681862765735026,2928,October_Vol29_25_Poem_From_This_to_Dusk_Ruby_Johnson.txt,From This to Dusk,NA,Poem,29,1942,October,96.82
1,Gardening and Flower Displays,0.9680194758772249,5671,V37_09_01_Poem_For_Early_Autumn_Christen.txt,For Early Autumn Christen,Berta H. Christensen,Poem,37,1950,September,96.8
1,Gardening and Flower Displays,0.9680151823947899,4513,June_Vol34_14_Poem_Honeymoon_McKey.txt,Honeymoon McKey,Blanche Kendall McKey,Article,34,1947,June,96.8
1,Gardening and Flower Displays,0.9669896936778059,4454,January_Vol34_27_Poem_Birds_Marguerite_Kirkham.txt,Birds Marguerite Kirkham,NA,Article,34,1947,January,96.7
1,Gardening and Flower Displays,0.9648098234050757,3486,November_Vol31_08_Poem_In_Ekman.txt,In Ekman,NA,Article,31,1944,November,96.48
1,Gardening and Flower Displays,0.9647999320494496,2,April_Vol22_00pb2_Poem_April_Anderson.txt,April Anderson,NA,Poem,22,1935,April,96.48
2,Church Organizational Announcements,0.9940379580620619,3195,November_Vol30_00_Misc.txt,November Vol30 00 Misc,NA,Misc,30,1943,November,99.4
2,Church Organizational Announcements,0.9934187090927147,3321,December_Vol31_00_Misc.txt,December Vol31 00 Misc,NA,Misc,31,1944,December,99.34
2,Church Organizational Announcements,0.9924816561194971,3478,November_Vol31_00_Misc.txt,November Vol31 00 Misc,NA,Misc,31,1944,November,99.25
2,Church Organizational Announcements,0.9923245382723317,4428,January_Vol34_00_Misc.txt,January Vol34 00 Misc,NA,Misc,34,1947,January,99.23
2,Church Organizational Announcements,0.9915932713297367,3399,July_Vol31_00_Misc.txt,July Vol31 00 Misc,NA,Misc,31,1944,July,99.16
2,Church Organizational Announcements,0.9908169576898899,4158,March_Vol33_00_Misc.txt,March Vol33 00 Misc,NA,Misc,33,1946,March,99.08
2,Church Organizational Announcements,0.9907497577437276,3791,May_Vol32_00_Misc.txt,May Vol32 00 Misc,NA,Misc,32,1945,May,99.07
2,Church Organizational Announcements,0.9905169789484267,3641,February_Vol32_00_Misc.txt,February Vol32 00 Misc,NA,Misc,32,1945,February,99.05
2,Church Organizational Announcements,0.989901648051583,3766,March_Vol32_00_Misc.txt,March Vol32 00 Misc,NA,Misc,32,1945,March,98.99
2,Church Organizational Announcements,0.989839996623969,4837,July_Vol35_00_Misc.txt,July Vol35 00 Misc,NA,Misc,35,1948,July,98.98
2,Church Organizational Announcements,0.9889819808410032,4361,December_Vol34_00_Misc.txt,December Vol34 00 Misc,NA,Misc,34,1947,December,98.9
2,Church Organizational Announcements,0.9889079721457091,4557,May_Vol34_00_Misc.txt,May Vol34 00 Misc,NA,Misc,34,1947,May,98.89
2,Church Organizational Announcements,0.9885250406488647,3586,August_Vol32_00_Misc.txt,August Vol32 00 Misc,NA,Misc,32,1945,August,98.85
2,Church Organizational Announcements,0.9869376033258611,3218,October_Vol30_00_Misc.txt,October Vol30 00 Misc,NA,Misc,30,1943,October,98.69
2,Church Organizational Announcements,0.9858529932277373,4583,September_Vol35_00_Misc.txt,September Vol35 00 Misc,NA,Misc,35,1948,September,98.59
2,Church Organizational Announcements,0.9858346497630822,3704,July_Vol32_00_Misc.txt,July Vol32 00 Misc,NA,Misc,32,1945,July,98.58
2,Church Organizational Announcements,0.9838225492347165,5385,V37_08_00_Misc.txt,V37 08 00 Misc,NA,Misc,37,1950,August,98.38
2,Church Organizational Announcements,0.9825162346887767,4993,October_Vol35_00_Misc.txt,October Vol35 00 Misc,NA,Misc,35,1948,October,98.25
2,Church Organizational Announcements,0.9790106239164368,3248,September_Vol30_00_Misc.txt,September Vol30 00 Misc,NA,Misc,30,1943,September,97.9
2,Church Organizational Announcements,0.9788864482942534,1694,July_Vol26_02_Frontispiece_Heritage.txt,Heritage,NA,Frontispiece,26,1939,July,97.89
2,Church Organizational Announcements,0.9782395704576975,3288,April_Vol31_00_Misc.txt,April Vol31 00 Misc,NA,Misc,31,1944,April,97.82
2,Church Organizational Announcements,0.9720863268219972,3389,January_Vol31_17_Poem_General_Board_Bulletins_Volumes.txt,General Board Bulletins Volumes,NA,Poem,31,1944,January,97.21
2,Church Organizational Announcements,0.9717401014264846,3510,October_Vol31_00_Misc.txt,October Vol31 00 Misc,NA,Misc,31,1944,October,97.17
2,Church Organizational Announcements,0.9691501587782825,4499,June_Vol34_00_Misc.txt,June Vol34 00 Misc,NA,Misc,34,1947,June,96.92
2,Church Organizational Announcements,0.9684083601663774,4899,March_Vol35_00_Misc.txt,March Vol35 00 Misc,NA,Misc,35,1948,March,96.84
3,National & International Affairs,0.9940915628056519,3310,August_Vol31_07_Article_Rumania_Part_I_Creer.txt,Rumania Part I Creer,Dr. Leland H. Creer,Article,31,1944,August,99.41
3,National & International Affairs,0.9917022265091148,3505,November_Vol31_27_GenFt_Editorials_Birthday_Greetings_To_President.txt,Editorials Birthday Greetings To President,President Amy Brown Lyman,General Feature,31,1944,November,99.17
3,National & International Affairs,0.9810420934410514,3683,January_Vol32_14_Article_Palestine_Part_II_Creer.txt,Palestine Part II Creer,Dr. Leland Hargrave Creer,Article,32,1945,January,98.1
3,National & International Affairs,0.9798712456371146,3432,June_Vol31_07_Article_The_Republic_of_Creer.txt,The Republic of Creer,Dr. Leland H. Creer,Article,31,1944,June,97.99
3,National & International Affairs,0.9795624013821579,3504,November_Vol31_26_Art_General_Secretary_Treasurer_Vera_W.txt,General Secretary-Treasurer Vera W. Pohlman,NA,Article,31,1944,November,97.96
3,National & International Affairs,0.9764000163252755,3518,October_Vol31_08_Article_The_New_Turkey_Creer.txt,The New Turkey Creer,Dr. Leland Hargrave Creer,Article,31,1944,October,97.64
3,National & International Affairs,0.9718222277635423,3543,September_Vol31_03_Article_Rumania-Part_II_Creer.txt,Rumania-Part II Creer,Dr. Leland Hargrave Creer,Article,31,1944,September,97.18
3,National & International Affairs,0.9717912416100734,3808,May_Vol32_17_Poem_Parallel_Bailey.txt,Parallel,Alice Morrey Bailey,Poem,32,1945,May,97.18
3,National & International Affairs,0.9713333076768188,3326,December_Vol31_05_Article_PalestinePart_I_Creer.txt,PalestinePart I Creer,Dr. Leland H. Creer,Article,31,1944,December,97.13
3,National & International Affairs,0.931520481897773,3501,November_Vol31_Misc_cont_13.txt,13,NA,Article,31,1944,November,93.15
3,National & International Affairs,0.9182842880486891,5271,V36_05_05_Art_Civil_Liberty_Toda_Durham.txt,Civil Liberty Toda Durham,G. Homer Durham,Article,36,1949,May,91.83
3,National & International Affairs,0.906974074009864,3419,July_Vol31_20_Article_Yugoslavia_Continued_from_page_366_Svetozar_Perebichevich.txt,Yugoslavia (Continued from page 366),Dr. Leland Hargrave Creer,Article,31,1944,July,90.7
3,National & International Affairs,0.8870808129707862,3459,May_Vol31_01_Article_Your_Spring_and_Nicholes.txt,Your Spring and Nicholes,NA,Article,31,1944,May,88.71
3,National & International Affairs,0.8571909226297488,3111,June_Vol30_10_Article_Steps_in_the_Development_Flag.txt,Steps in the Development Flag,NA,Article,30,1943,June,85.72
3,National & International Affairs,0.813030131664479,3485,November_Vol31_07_Article_Finland_Creer.txt,Finland Creer,Beatrice Knowlton Ekman,Article,31,1944,November,81.3
3,National & International Affairs,0.8092118676676289,3426,June_Vol31_01_Article_Offering_Gabbott.txt,Offering Gabbott,Mabel Jones Gabbott,Article,31,1944,June,80.92
3,National & International Affairs,0.7998786048428436,2901,November_Vol29_18_Article_Social_States.txt,Social States,NA,Article,29,1942,November,79.99
3,National & International Affairs,0.7776477684872588,3112,June_Vol30_11_Article_The_Story_of_Harmer.txt,The Story of Harmer,Mabel Harmer,Article,30,1943,June,77.76
3,National & International Affairs,0.7673985826182629,3092,January_Vol30_21_Article_Social_Science_Growth_of_Parties.txt,Social Science Growth of Parties,NA,Article,30,1943,January,76.74
3,National & International Affairs,0.7477164639705669,3052,February_Vol30_17_Article_Flag_Etiquette.txt,Flag Etiquette,NA,Article,30,1943,February,74.77
3,National & International Affairs,0.7403061335935816,1557,April_Vol26_16_Article_Pan_American_Day.txt,Pan American Day,NA,Article,26,1939,April,74.03
3,National & International Affairs,0.7017597490612285,5645,V37_10_01_Art_Crisis_in_Constitu_Durham.txt,Crisis in Constitu Durham,G. Homer Durham,Article,37,1950,October,70.18
3,National & International Affairs,0.6995685081409018,5331,V36_10_17_Art_Social_Science_Gov_Durham.txt,Social Science Gov Durham,T. Edgar Lyon,Article,36,1949,October,69.96
3,National & International Affairs,0.6969195976640045,2223,September_Vol27_02_Article_The_Blessing_of_Colton.txt,The Blessing of Colton,NA,Article,27,1940,September,69.69
3,National & International Affairs,0.6937410669762019,3450,March_Vol31_06_Article_The_Soldier_and_His_Department.txt,The Soldier and His Department,Ezra J. Poulsen,Article,31,1944,March,69.37
4,Relief Society Conference Reports,0.9901091525110994,4285,September_Vol33_21_Article_Literature_Americas_Driggs.txt,Literature Americas Driggs,Elder T. Edgar Lyon,Article,33,1946,September,99.01
4,Relief Society Conference Reports,0.9877818099719089,4275,September_Vol33_10_Notes_from_Field_Notes_to_the_Field_Conferences.txt,from Field Notes to the Field Conferences,Margaret C. Pickering,Notes from Field,33,1946,September,98.78
4,Relief Society Conference Reports,0.9826346817741253,2756,January_Vol29_18_Notes_from_Field_Notes_to_the_Field_Work.txt,from Field Notes to the Field Work,NA,Notes from Field,29,1942,January,98.26
4,Relief Society Conference Reports,0.9781259782049085,2491,March_Vol28_17_Notes_from_Field_Notes_to_the_Field.txt,from Field Notes to the Field,NA,Notes from Field,28,1941,March,97.81
4,Relief Society Conference Reports,0.9739810099202859,3280,September_Vol30_29_Art_Ward_Relief_Society_Conferences_November.txt,"Ward Relief Society Conferences, November 7, 1943",NA,Article,30,1943,September,97.4
4,Relief Society Conference Reports,0.9709325265759524,5350,V36_09_18_Art_Work_MeetingSewing_Jennings.txt,Work MeetingSewing Jennings,Jean Ridges Jennings,Article,36,1949,September,97.09
4,Relief Society Conference Reports,0.9708829804784013,4722,August_Vol35_16_Notes_from_Field_Notes_to_the_Field_Set.txt,from Field Notes to the Field Set,Margaret C. Pickering,Notes from Field,35,1948,August,97.09
4,Relief Society Conference Reports,0.9692211427133293,2729,February_Vol29_30_Art_April_General_Conference_Of_Relief.txt,April General Conference of Relief Society Not Scheduled,NA,Article,29,1942,February,96.92
4,Relief Society Conference Reports,0.9680513561948393,2521,May_Vol28_25_Article_Centennial.txt,Centennial,NA,Article,28,1941,May,96.81
4,Relief Society Conference Reports,0.9649900874088655,3413,July_Vol31_14_Article_Visiting_Teachers.txt,Visiting Teachers,NA,Article,31,1944,July,96.5
4,Relief Society Conference Reports,0.9649686574152581,2167,November_Vol27_05_Article_Departments.txt,Departments,NA,Article,27,1940,November,96.5
4,Relief Society Conference Reports,0.9634269916360697,4723,September_Vol35_14_Article_Annual_Conference.txt,Annual Conference,NA,Article,35,1948,September,96.34
4,Relief Society Conference Reports,0.9622711405617277,4659,September_Vol34_13_Article_Ward_Relief_Society.txt,Ward Relief Society,NA,Article,34,1947,September,96.23
4,Relief Society Conference Reports,0.9620442299961401,2731,February_Vol29_31_Art_Centennial_Memorial_Campanile_Bell_Tower.txt,Centennial Memorial Campanile (Bell Tower),NA,Article,29,1942,February,96.2
4,Relief Society Conference Reports,0.961511561687382,4669,September_Vol34_25_Article_Annual_Report.txt,Annual Report,Margaret C. Pickering,Article,34,1947,September,96.15
4,Relief Society Conference Reports,0.9611217952394524,4075,January_Vol33_26_Notes_from_Field_Notes_to_the_Field_Only_Year.txt,from Field Notes to the Field Only Year,NA,Notes from Field,33,1946,January,96.11
4,Relief Society Conference Reports,0.9610491095846021,3886,September_Vol32_13_Article_Ward_Relief_Society.txt,Ward Relief Society,NA,Article,32,1945,September,96.1
4,Relief Society Conference Reports,0.958365510056721,2466,June_Vol28_31_Article_ANNUAL_FINANCIAL.txt,ANNUAL FINANCIAL,NA,Article,28,1941,June,95.84
4,Relief Society Conference Reports,0.9566992047002941,1218,August_Vol25_19_Article_Magazine_Dive.txt,Magazine Dive,NA,Article,25,1938,August,95.67
4,Relief Society Conference Reports,0.9551514878276082,2493,March_Vol28_19_Article_Attention_Choristers_and.txt,Attention Choristers and,NA,Article,28,1941,March,95.52
4,Relief Society Conference Reports,0.9538311243451488,3334,December_Vol31_14_Notes_from_Field_Notes_to_the_Field.txt,from Field Notes to the Field,NA,Notes from Field,31,1944,December,95.38
4,Relief Society Conference Reports,0.9537364187271117,3466,May_Vol31_08_Notes_from_Field_Notes_to_the_Field_Delayed.txt,from Field Notes to the Field Delayed,NA,Notes from Field,31,1944,May,95.37
4,Relief Society Conference Reports,0.9526255069294542,3406,July_Vol31_07_Article_Annual_Report_General_Pohlman.txt,Annual Report—1943,NA,Article,31,1944,July,95.26
4,Relief Society Conference Reports,0.9508395872806599,2710,February_Vol29_11_Article_Radio_Broadcast_March_17.txt,Radio Broadcast March 17,NA,Article,29,1942,February,95.08
4,Relief Society Conference Reports,0.9498613096760654,2423,July_Vol28_16_Article_New_Member.txt,New Member,NA,Article,28,1941,July,94.99
5,Motherhood and Marriage Advice,0.9833200028966271,1689,January_Vol26_32_Guide_Lessons_Social_Science_Lesson.txt,Lessons Social Science Lesson,NA,Guide,26,1939,January,98.33
5,Motherhood and Marriage Advice,0.9801980054352515,2943,September_Vol29_07_Article_Parents_What_of_Youth_in_Allen.txt,Parents What of Youth in Allen,World? Mark K. Allen,Article,29,1942,September,98.02
5,Motherhood and Marriage Advice,0.9716695625595962,1352,July_Vol25_24_Guide_Lessons_Social_Service_Lesson_1_Habit_Formation.txt,Social Service - Lesson 1: Habit Formation and Revision,NA,Guide,25,1938,July,97.17
5,Motherhood and Marriage Advice,0.9709096657978172,2719,February_Vol29_20_Article_Social_ScienceFuture_of_Life.txt,Social ScienceFuture of Life,NA,Article,29,1942,February,97.09
5,Motherhood and Marriage Advice,0.9645630969085196,1643,February_Vol26_13_Article_How_Psychology_Can_Help_Adult.txt,How Psychology Can Help Adult,NA,Article,26,1939,February,96.46
5,Motherhood and Marriage Advice,0.9644105486325583,3635,December_Vol32_29_Article_Morals_in_Marriage_and_Christensen.txt,Morals in Marriage and Christensen,Dr. Harold T. Christensen,Article,32,1945,December,96.44
5,Motherhood and Marriage Advice,0.96171206675039,2769,January_Vol29_31_Article_Social_Science_Economic_Life.txt,Social Science Economic Life,NA,Article,29,1942,January,96.17
5,Motherhood and Marriage Advice,0.9539223001429257,602,June_Vol23_30_Article_And_Never_Will.txt,And Never Will,NA,Article,23,1936,June,95.39
5,Motherhood and Marriage Advice,0.9520988911430817,883,February_Vol24_32_Guide_Lessons_Social_Progress.txt,Social Progress,NA,Guide,24,1937,February,95.21
5,Motherhood and Marriage Advice,0.9459377281260759,2435,July_Vol28_28_Article_Social_ScienceWhat_It_Married.txt,Social ScienceWhat It Married,NA,Article,28,1941,July,94.59
5,Motherhood and Marriage Advice,0.94512513125081,264,May_Vol22_03_Article_To_a_Waiting_Hase.txt,To a Waiting Hase,Farnsworth Hase,Article,22,1935,May,94.51
5,Motherhood and Marriage Advice,0.9403696328948336,2948,September_Vol29_12_Article_Belle_S._Spafford.txt,Belle S. Spafford,NA,Article,29,1942,September,94.04
5,Motherhood and Marriage Advice,0.9383339280961471,201,June_Vol22_05_Article_The_Prevention_of_Bennion.txt,The Prevention of Bennion,Milton Bennion,Article,22,1935,June,93.83
5,Motherhood and Marriage Advice,0.935095806430289,5318,V36_10_04_Art_Adoption_of_Childr_Dillman.txt,Adoption of Childr Dillman,Mary L. Dillman,Article,36,1949,October,93.51
5,Motherhood and Marriage Advice,0.9321836504632903,1600,August_Vol26_29_Article_Family_Pocketbook.txt,Family Pocketbook,NA,Article,26,1939,August,93.22
5,Motherhood and Marriage Advice,0.9306344388343678,1824,November_Vol26_18_Article_Family_Unity.txt,Family Unity,NA,Article,26,1939,November,93.06
5,Motherhood and Marriage Advice,0.9306151812745613,1322,January_Vol25_28_Article_The.txt,The,J. Grant,Article,25,1938,January,93.06
5,Motherhood and Marriage Advice,0.92494490436999,269,May_Vol22_07_Article_Cooperation_in_the_Home_Emma_A_EmpeyMember_o.txt,Cooperation in the Home,NA,Article,22,1935,May,92.49
5,Motherhood and Marriage Advice,0.9197578709323457,2433,July_Vol28_26_Article_Visiting.txt,Visiting,NA,Article,28,1941,July,91.98
5,Motherhood and Marriage Advice,0.9116197322423413,1506,October_Vol25_28_Article_home_economics.txt,home economics,NA,Article,25,1938,October,91.16
5,Motherhood and Marriage Advice,0.9108450621746057,749,September_Vol23_27_Article_Lesson_Department.txt,Lesson Department,NA,Article,23,1936,September,91.08
5,Motherhood and Marriage Advice,0.904936799840589,1257,December_Vol25_24_Article_Family_Relationships_Lesson_Three_Securi_one.txt,Family Relationships Lesson Three Security Through Family Relationships,NA,Article,25,1938,December,90.49
5,Motherhood and Marriage Advice,0.9009192967137807,3868,October_Vol32_25_Article_Social_Science_Leisure_Christensen.txt,Social Science Leisure Christensen,Dr. Harold T. Christensen,Article,32,1945,October,90.09
5,Motherhood and Marriage Advice,0.8987157946903707,2173,November_Vol27_11_Article_Teaching.txt,Teaching,Discussing Dr. Billie Hollingshead,Article,27,1940,November,89.87
5,Motherhood and Marriage Advice,0.8972551724470019,3941,August_Vol33_01_Frontispiece_And_What_of_Frontispiece.txt,And What of Frontispiece,Mabel Jones Gabbott,Frontispiece,33,1946,August,89.73
6,Recipes,0.9704577180692627,366,September_Vol22_14_Article_At_the_Close_of_Jr.txt,At the Close of Jr,NA,Article,22,1935,September,97.05
6,Recipes,0.9526878892502475,2830,June_Vol29_29_Poem_Sonnet_Sequence_Harvest_Of_A_Century_Anna_Prince_Redd.txt,Sonnet Sequence: Harvest Of A Century,NA,Poem,29,1942,June,95.27
6,Recipes,0.9369414610562251,1388,March_Vol25_03_Poem_A_Mothers_Prayer.txt,A Mothers Prayer,NA,Article,25,1938,March,93.69
6,Recipes,0.9171382097694214,382,September_Vol22_31_Art_At_The_Close_Of_Day.txt,"At the Close of Day Joseph Quinney, Jr",NA,Article,22,1935,September,91.71
6,Recipes,0.9168591926378451,2837,March_Vol29_02_Poem_MessageFirst_Presidency.txt,MessageFirst Presidency,NA,Poem,29,1942,March,91.69
6,Recipes,0.9147873879033045,3197,November_Vol30_02_Poem_Altars_of_Cottam.txt,Altars of Cottam,Courtney E. Cottam,Article,30,1943,November,91.48
6,Recipes,0.9083635190451332,1219,August_Vol25_20_Poem_Reverence.txt,Reverence,NA,Article,25,1938,August,90.84
6,Recipes,0.9003759960998217,419,August_Vol23_02_Article_The_Radiance_of_a_New_Jr.txt,The Radiance of a New Jr,NA,Article,23,1936,August,90.04
6,Recipes,0.8973026029511149,3773,March_Vol32_07_Poem_March_Parry.txt,March Parry,Jeanette P. Parry,Article,32,1945,March,89.73
6,Recipes,0.8915083078100445,1077,November_Vol24_02_Poem_Recompense_Leitner.txt,Recompense Leitner,Della Adams Leitner,Article,24,1937,November,89.15
6,Recipes,0.8717436564767336,1760,March_Vol26_10_Poem_How_Wehr.txt,How Wehr,NA,Article,26,1939,March,87.17
6,Recipes,0.8704312919091427,132,January_Vol22_00pb2_Article_A_New_Years_Barrett.txt,A New Years Barrett,Elsie E. Barrett,Article,22,1935,January,87.04
6,Recipes,0.8697348307953285,5557,V37_03_07_Art_Give_Me_Your.txt,Give Me Your,Rose Lee Bond,Article,37,1950,March,86.97
6,Recipes,0.8681845032467058,2722,February_Vol29_23_Poem_Art_of_Living_Gertrude_Perry_Stant.txt,Art of Living,NA,Poem,29,1942,February,86.82
6,Recipes,0.861884634366317,3926,April_Vol33_19_Poem_Offerings_Etta_S_Robbins.txt,Offerings,Marguerite J. Griffin,Poem,33,1946,April,86.19
6,Recipes,0.8611514484511572,1105,October_Vol24_01_Article_The_Forward_Leitner.txt,The Forward Leitner,Della Adams Leitner,Article,24,1937,October,86.12
6,Recipes,0.860890956479079,4207,May_Vol33_24_Art_Relief_Society_Magazine_May_Weight.txt,Relief Society Magazine May Weight Johnson,NA,Article,33,1946,May,86.09
6,Recipes,0.8602973298114373,2011,January_Vol27_01_Article_New_Years_Thoughts_Society.txt,New Years Thoughts Society,NA,Article,27,1940,January,86.03
6,Recipes,0.8501159055398286,418,August_Vol23_01_Poem_Help_Me_To_Forsgren.txt,Help Me To Forsgren,Live Leona F. Forsgren,Poem,23,1936,August,85.01
6,Recipes,0.8423002281981243,730,September_Vol23_08_Article_Mother-Friend.txt,Mother-Friend,Edna J. Gardiner,Article,23,1936,September,84.23
6,Recipes,0.8314721004239445,3848,October_Vol32_03_Poem_Prayer_Bliss.txt,Prayer Bliss,Edwin C. Bliss,Article,32,1945,October,83.15
6,Recipes,0.8298840951012434,3032,December_Vol30_26_Home_Home_Topics_Windows_Window_Fittings.txt,"Home Topics Windows, Window Fittings, and Curtains",NA,Home,30,1943,December,82.99
6,Recipes,0.8284791076940576,1778,May_Vol26_02_Article_O_Hearts_Tibbs.txt,O Hearts Tibbs,Bereaved Winnifred M. Tibbs,Article,26,1939,May,82.85
6,Recipes,0.8271558666520524,2501,May_Vol28_01_Article_Message_From_Grant.txt,Message From Grant,NA,Article,28,1941,May,82.72
6,Recipes,0.8205094140165614,3689,January_Vol32_20_Article_Victory_Evelyn_Fjeldsted.txt,Victory Evelyn Fjeldsted,NA,Article,32,1945,January,82.05
7,Poetry,0.9943551083184338,3006,August_Vol30_21_Art_Whisk_Broom_Or_Upholstery_Brush.txt,Whisk broom or upholstery brush (for brushing draperies and upholstery) 1 treated dust cloth (for daily dusting) 2 cheesecloth squares (for washing and drying woodwork),NA,Article,30,1943,August,99.44
7,Poetry,0.994301292401705,3090,January_Vol30_19_Article_Work-and-Business_Longer.txt,Work-and-Business Longer,NA,Article,30,1943,January,99.43
7,Poetry,0.9936298911680705,2364,February_Vol28_22_Article_Work_and_Refreshments.txt,Work and Refreshments,NA,Article,28,1941,February,99.36
7,Poetry,0.9935695070464842,5032,September_Vol35_18_Article_Plain_and_Savory.txt,Plain and Savory,NA,Article,35,1948,September,99.36
7,Poetry,0.9910112354598878,5324,V36_10_10_Art_Suggestions_for_a_Eaton.txt,Suggestions for a Eaton,Lael W. Hill,Article,36,1949,October,99.1
7,Poetry,0.9905584613577675,877,February_Vol24_25_Article_Recipes_Extension.txt,Recipes Extension,NA,Article,24,1937,February,99.06
7,Poetry,0.9905209951814504,627,March_Vol23_22_Article_What_to_Serve_at_Our_Kimball.txt,What to Serve at Our Kimball,Party Camilla E. Kimball,Article,23,1936,March,99.05
7,Poetry,0.9902315812384136,3494,November_Vol31_16_Article_What_an_Old_Trunk_May_Dorius.txt,What an Old Trunk May Dorius,Forth William R. Palmer,Article,31,1944,November,99.02
7,Poetry,0.9900513362720439,4636,October_Vol34_18_Article_Vanity_Stool_and_Wangsgaard.txt,Vanity Stool and Wangsgaard,Eva Willes Wangsgaard,Article,34,1947,October,99.01
7,Poetry,0.99001752140249,5084,V36_08_19_Art_Suggestions_for_a_Eaton.txt,Suggestions for a Eaton,Christine Eaton,Article,36,1949,August,99
7,Poetry,0.9889566761192173,5343,V36_09_11_Art_Suggestions_for_a_Eaton.txt,Suggestions for a Eaton,Christine Eaton,Article,36,1949,September,98.9
7,Poetry,0.9887980399256728,4818,January_Vol35_15_Article_Bertha_Zaugg_Perschon.txt,Bertha Zaugg Perschon,NA,Article,35,1948,January,98.88
7,Poetry,0.9878672195883701,5105,V36_12_14_Art_March_Anniversary_Eaton.txt,March Anniversary Eaton,Christine Eaton,Article,36,1949,December,98.79
7,Poetry,0.9846059041805425,4730,August_Vol35_25_Article_Work_Meeting_Sewing_Jennings.txt,Work Meeting Sewing Jennings,Jean Ridges Jennings,Article,35,1948,August,98.46
7,Poetry,0.9829165019336196,4823,January_Vol35_20_Article_Sara_Mills.txt,Sara Mills,NA,Article,35,1948,January,98.29
7,Poetry,0.9798687778801418,916,January_Vol24_24_Guide_Lessons_Work_and_Business.txt,Work and Business,NA,Guide,24,1937,January,97.99
7,Poetry,0.9789064090267573,5280,V36_05_14_Art_Braided_RugsNew-Fa_Howard.txt,Braided RugsNew-Fa Howard,Drucilla S. Howard,Article,36,1949,May,97.89
7,Poetry,0.9770022484034118,5642,V37_11_27_Art_Homemade_Laundry_S_Linford.txt,Homemade Laundry S Linford,Bernice Stookey Linford,Article,37,1950,November,97.7
7,Poetry,0.9756723445036144,3657,February_Vol32_18_Guide_Lessons_Work_Meeting_Combination_Apron_and_Sewing_Bag.txt,Work Meeting Combination Apron and Sewing Bag,NA,Guide,32,1945,February,97.57
7,Poetry,0.9683745114202001,5613,V37_05_24_Art_Storing_Food_in_Naylor.txt,Storing Food in Naylor,Esther Clark Naylor,Article,37,1950,May,96.84
7,Poetry,0.9672552422582547,3005,August_Vol30_20_Art_What_Method_Have_You_Used.txt,2. What method have you used to successfully store household tools? In the light of the class discussion can you see room for improvement?,NA,Article,30,1943,August,96.73
7,Poetry,0.9660153913206726,4693,April_Vol35_24_Article_Its_Fun_to_Make_Simonsen.txt,Its Fun to Make Simonsen,Velma N. Simonsen,Article,35,1948,April,96.6
7,Poetry,0.961080338271678,5107,V36_12_16_Art_A_Santa_Claus_Laurgaar.txt,A Santa Claus Laurgaar,Rachel K. Laurgaard,Article,36,1949,December,96.11
7,Poetry,0.9601588228880171,3157,March_Vol30_20_Article_LESSON_Work-and-Business_Products.txt,LESSON Work-and-Business Products,NA,Article,30,1943,March,96.02
7,Poetry,0.956186271917631,3688,January_Vol32_19_Notes_from_Field_Notes_to_the_Clothing.txt,from Field Notes to the Clothing,Visiting Teaching,Notes from Field,32,1945,January,95.62
8,Religious Lessons & Scripture Study,0.983560464959381,3655,February_Vol32_16_Article_Mother-in-Law_Edith_Lovell.txt,Mother-in-Law,NA,Article,32,1945,February,98.36
8,Religious Lessons & Scripture Study,0.9831567420098979,1928,April_Vol27_26_Article_Moving_Again_Mr_and_Mrs_A_H_Gibbons.txt,Moving Again,NA,Article,27,1940,April,98.32
8,Religious Lessons & Scripture Study,0.9826617497465835,1915,April_Vol27_13_Article_Moving_Again_Mr._And_Mrs_Johnson.txt,Moving Again Mr. And Mrs Johnson,NA,Article,27,1940,April,98.27
8,Religious Lessons & Scripture Study,0.9798866875435704,5556,V37_03_06_Art_Summer_Work_Meetin.txt,Summer Work Meetin,NA,Article,37,1950,March,97.99
8,Religious Lessons & Scripture Study,0.9761011387915673,447,December_Vol23_01_Article_A_Carroll.txt,A Carroll,NA,Article,23,1936,December,97.61
8,Religious Lessons & Scripture Study,0.9754286326322609,1935,April_Vol27_Misc_cont_04.txt,04,NA,Article,27,1940,April,97.54
8,Religious Lessons & Scripture Study,0.9741733680912934,1929,April_Vol27_27_Art_Eternal_Spring_Lorine_Lee.txt,Eternal' Spring Lorine Lee,NA,Article,27,1940,April,97.42
8,Religious Lessons & Scripture Study,0.9722553257754467,2158,May_Vol27_09_Article_Cathedral_of_Peace_Robinson.txt,Cathedral of Peace Robinson,Dorothy Clapp Robinson,Article,27,1940,May,97.23
8,Religious Lessons & Scripture Study,0.9684873783277352,77,December_Vol22_13_Article_Not_Bread_Carroll.txt,Not Bread Carroll,Elsie C. Carroll,Article,22,1935,December,96.85
8,Religious Lessons & Scripture Study,0.9671164743488266,3170,March_Vol30_Misc_cont_20.txt,20,NA,Article,30,1943,March,96.71
8,Religious Lessons & Scripture Study,0.9649876364394647,1934,April_Vol27_29_Art_University_Of_Utah_School_Of.txt,University of Utah School of Social Work,NA,Article,27,1940,April,96.5
8,Religious Lessons & Scripture Study,0.9625297071810874,5338,V36_09_06_Fict_TemperedPart_I_Hamilton.txt,TemperedPart I Hamilton,Gladys I. Hamilton,Fiction,36,1949,September,96.25
8,Religious Lessons & Scripture Study,0.9542616595873766,3119,June_Vol30_18_Editorial_To_Our_Sharp.txt,To Our Sharp,NA,Editorial,30,1943,June,95.43
8,Religious Lessons & Scripture Study,0.9531889571364834,3333,December_Vol31_13_Editorial_A_Cry_of_Sharp.txt,A Cry of Sharp,Marianne C. Sharp,Editorial,31,1944,December,95.32
8,Religious Lessons & Scripture Study,0.950555510674224,1510,September_Vol25_02_Frontispiece.txt,Frontispiece,NA,Frontispiece,25,1938,September,95.06
8,Religious Lessons & Scripture Study,0.9500898404025009,859,February_Vol24_05_Article_On_the_Trails_of_the_Old_Carroll.txt,On the Trails of the Old Carroll,Elsie C. Carroll,Article,24,1937,February,95.01
8,Religious Lessons & Scripture Study,0.9487450719533823,456,December_Vol23_10_Article_On_the_Trails_of_the_Old_Carroll.txt,On the Trails of the Old Carroll,Elsie C. Carroll,Article,23,1936,December,94.87
8,Religious Lessons & Scripture Study,0.9477881229460269,2129,March_Vol27_26_Article_Questing_Stanton.txt,Questing Stanton,NA,Article,27,1940,March,94.78
8,Religious Lessons & Scripture Study,0.94662570476918,1901,April_Vol27_00pb2_Article_April_Jennings.txt,April Jennings,Rain J. B. Jennings,Article,27,1940,April,94.66
8,Religious Lessons & Scripture Study,0.9440352580603374,3188,May_Vol30_18_Article_Tomorrows_Cup_Chapter_Redd.txt,Tomorrows Cup Chapter Redd,Anna Prince Redd,Article,30,1943,May,94.4
8,Religious Lessons & Scripture Study,0.9428365650024437,4651,September_Vol34_05_Article_A_Place_in_the_Country_V_Jones.txt,A Place in the Country V Jones,Ruby Scranton Jones,Article,34,1947,September,94.28
8,Religious Lessons & Scripture Study,0.9378883468365746,3155,March_Vol30_18_Article_Theres_Always_a_Burt.txt,Theres Always a Burt,Olive W. Burt,Article,30,1943,March,93.79
8,Religious Lessons & Scripture Study,0.9376207542608163,4477,July_Vol34_09_Article_A_Place_in_the_Country_Jones.txt,A Place in the Country Jones,Ruby Scranton Jones,Article,34,1947,July,93.76
8,Religious Lessons & Scripture Study,0.9374242806278368,540,July_Vol23_06_Article_On_The_Trails_of_the_Old_Carroll.txt,On The Trails of the Old Carroll,Elsie C. Carroll,Article,23,1936,July,93.74
8,Religious Lessons & Scripture Study,0.9348609157720481,2993,August_Vol30_02_Article_An_hour_or_so_spent_in.txt,An hour or so spent in,NA,Article,30,1943,August,93.49
9,Women's Religious Responsibility,0.958387946557443,891,February_Vol24_Misc_cont_16.txt,16,NA,Article,24,1937,February,95.84
9,Women's Religious Responsibility,0.9118950184223336,4416,February_Vol34_22_Art_Bishop_S_Building_Salt_Lake.txt,"Bishop's Building, Salt Lake City 1, Utah, Phone 3-2741. Ex. 243. Subscription Price: $1.00 a year",NA,Article,34,1947,February,91.19
9,Women's Religious Responsibility,0.8882332180828243,4431,January_Vol34_04_Article_A_New_Latter-day_Saint_Jr.txt,A New Latter-day Saint Jr,"Dr. Gerrit de Jong, Jr.",Article,34,1947,January,88.82
9,Women's Religious Responsibility,0.8812840022257902,2421,July_Vol28_14_Article_Rulons_S._Wells.txt,Rulons S. Wells,NA,Article,28,1941,July,88.13
9,Women's Religious Responsibility,0.8757293099611134,3856,October_Vol32_12_Article_Womans_Cannon.txt,Womans Cannon,Ramona W. Cannon,Article,32,1945,October,87.57
9,Women's Religious Responsibility,0.8711019676401898,3274,September_Vol30_26_Art_Chastity_Statements_Of_President_Joseph.txt,"Chastity Statements of President Joseph F. Smith and President J. Reuben Clark, Jr","President J. Reuben Clark, Jr.",Article,30,1943,September,87.11
9,Women's Religious Responsibility,0.8502756929045072,5023,September_Vol35_11_Article_Relief_Society_Presidency.txt,Relief Society Presidency,NA,Article,35,1948,September,85.03
9,Women's Religious Responsibility,0.8480720402577142,527,January_Vol23_24_Article_Congratulations.txt,Congratulations,NA,Article,23,1936,January,84.81
9,Women's Religious Responsibility,0.8356676635397421,1785,May_Vol26_09_Article_Happenings_Cannon.txt,Happenings Cannon,Annie Wells Cannon,Article,26,1939,May,83.57
9,Women's Religious Responsibility,0.8335961140354838,2779,January_Vol29_Misc_front_matter.txt,matter,NA,Article,29,1942,January,83.36
9,Women's Religious Responsibility,0.8327360310374166,3045,February_Vol30_10_Article_Amy_Brown_Lyman_Howells.txt,Amy Brown Lyman Howells,Honored Marcia K. Howells,Article,30,1943,February,83.27
9,Women's Religious Responsibility,0.8235683333129952,1677,January_Vol26_18_Article_Happenings.txt,Happenings,Helen Hinckley Jones,Article,26,1939,January,82.36
9,Women's Religious Responsibility,0.8179512892752405,838,December_Vol24_15_Article_Best_Wishes.txt,Best Wishes,NA,Article,24,1937,December,81.8
9,Women's Religious Responsibility,0.817585206417137,839,December_Vol24_16_Article_Sympathy.txt,Sympathy,NA,Article,24,1937,December,81.76
9,Women's Religious Responsibility,0.8144728577050078,204,June_Vol22_08_Article_Happenings_Cannon.txt,Happenings Cannon,Annie Wells Cannon,Article,22,1935,June,81.45
9,Women's Religious Responsibility,0.8103083684819532,4414,February_Vol34_20_Misc_Ad_Please_renew_once_in.txt,Please renew once in,NA,Article,34,1947,February,81.03
9,Women's Religious Responsibility,0.8005674656562335,983,June_Vol24_17_Article_Happenings_Cannon.txt,Happenings Cannon,Annie Wells Cannon,Article,24,1937,June,80.06
9,Women's Religious Responsibility,0.8002641439465328,3990,December_Vol33_06_Article_Bruce_Redd_McConkie_Sharp.txt,Bruce Redd McConkie Sharp,NA,Article,33,1946,December,80.03
9,Women's Religious Responsibility,0.7943762398543956,2288,August_Vol28_13_Article_Death_of_McLelland.txt,Death of McLelland,NA,Article,28,1941,August,79.44
9,Women's Religious Responsibility,0.7934236266430688,2025,January_Vol27_15_Article_Elizabeth_Crismon.txt,Elizabeth Crismon,NA,Article,27,1940,January,79.34
9,Women's Religious Responsibility,0.7923107354407697,550,July_Vol23_16_Article_Happenings_Cannon.txt,Happenings Cannon,Annie Wells Cannon,Article,23,1936,July,79.23
9,Women's Religious Responsibility,0.7913495518305724,3999,December_Vol33_15_Article_In_Memoriam_Callis.txt,In Memoriam Callis,NA,Article,33,1946,December,79.13
9,Women's Religious Responsibility,0.7891571217237999,1698,July_Vol26_09_Article_Ishbel_Marchioness_of_Cannon.txt,Ishbel Marchioness of Cannon,Annie Wells Cannon,Article,26,1939,July,78.92
9,Women's Religious Responsibility,0.7865515830648234,4811,January_Vol35_08_Article_Womans_Cannon.txt,Womans Cannon,NA,Article,35,1948,January,78.66
9,Women's Religious Responsibility,0.7862123408691715,4396,February_Vol34_02_Article_Bishop_Thorpe_B._McKay.txt,Bishop Thorpe B. McKay,Elder Thomas E. McKay,Article,34,1947,February,78.62
10,Pioneer Emigration & Journey Stories,0.9912554024278766,1286,February_Vol25_26_Article_Lesson_Department.txt,The Second Advent of the Messiah,NA,Guide,25,1938,February,99.13
10,Pioneer Emigration & Journey Stories,0.9848152289742131,3230,October_Vol30_12_Article_Theology_Christs_Reign.txt,Theology Christs Reign,NA,Article,30,1943,October,98.48
10,Pioneer Emigration & Journey Stories,0.9799699401141941,4655,September_Vol34_09_Editorial_A_Testament_of_Crawford.txt,A Testament of Crawford,Vesta P. Crawford,Editorial,34,1947,September,98
10,Pioneer Emigration & Journey Stories,0.9787542651446649,471,December_Vol23_26_Guide_Lessons_Lesson_Department.txt,Lesson Department,NA,Guide,23,1936,December,97.88
10,Pioneer Emigration & Journey Stories,0.9768904963567384,2789,July_Vol29_10_Editorial_Wherefore_Have_Spafford.txt,Wherefore Have Spafford,Belle S. Spafford,Editorial,29,1942,July,97.69
10,Pioneer Emigration & Journey Stories,0.9734310323785131,847,December_Vol24_25_Guide_Lessons_Lesson_Department.txt,Lesson Department,NA,Guide,24,1937,December,97.34
10,Pioneer Emigration & Journey Stories,0.9721717174580021,156,January_Vol22_26_Guide_Lessons_Lesson_Department.txt,Lesson Department,NA,Guide,22,1935,January,97.22
10,Pioneer Emigration & Journey Stories,0.9713119377966613,818,August_Vol24_33_Guide_Lessons_Lesson_Department.txt,Lesson Department,Lorin T. Wheelwright,Guide,24,1937,August,97.13
10,Pioneer Emigration & Journey Stories,0.9646181392444869,1323,January_Vol25_29_Guide_Lessons_Lesson_Department.txt,Lesson Department,NA,Guide,25,1938,January,96.46
10,Pioneer Emigration & Journey Stories,0.9556277339620536,4977,November_Vol35_19_Article_Theology_The_Apostolic_Colton.txt,Theology The Apostolic Colton,Elder Don B. Colton,Article,35,1948,November,95.56
10,Pioneer Emigration & Journey Stories,0.9521907118805049,1654,February_Vol26_26_Article_Magazine.txt,SIMON PETER Goes Back to Work,NA,Guide,26,1939,February,95.22
10,Pioneer Emigration & Journey Stories,0.9458548658727401,3127,June_Vol30_27_Article_Stories_From_the_Book_of.txt,Stories From the Book of,NA,Article,30,1943,June,94.59
10,Pioneer Emigration & Journey Stories,0.9425578292318536,4665,September_Vol34_20_Article_Inspiration_Lillywhite.txt,Inspiration Lillywhite,Eva J. Lillywhite,Article,34,1947,September,94.26
10,Pioneer Emigration & Journey Stories,0.9314791639801374,3054,February_Vol30_19_Article_Theology_and_Testimony.txt,Theology and Testimony,NA,Article,30,1943,February,93.15
10,Pioneer Emigration & Journey Stories,0.9313339195430869,439,August_Vol23_23_Article_Lesson_Department.txt,"Lesson Department - Theology and Testimony, Lesson I: Christ's Ministry Foretold By The Prophets",NA,Guide,23,1936,August,93.13
10,Pioneer Emigration & Journey Stories,0.9282351286289291,3029,December_Vol30_23_Guide_Lessons_Theology_-_Articles_of_Faith_Lesson_22_Religious_L.txt,Theology - Articles of Faith Lesson 22: Religious Liberty and Toleration,NA,Guide,30,1943,December,92.82
10,Pioneer Emigration & Journey Stories,0.9278967457598566,3209,November_Vol30_14_Article_Theology_Regeneration.txt,Theology Regeneration,NA,Article,30,1943,November,92.79
10,Pioneer Emigration & Journey Stories,0.9255548692505496,1254,December_Vol25_19_Guide_Lessons_Lesson_Department.txt,Lesson Department,NA,Guide,25,1938,December,92.56
10,Pioneer Emigration & Journey Stories,0.9240211708116822,1653,February_Vol26_24_Guide_Lessons_Lesson_Department.txt,Lesson Department,NA,Guide,26,1939,February,92.4
10,Pioneer Emigration & Journey Stories,0.9207676815311071,5685,V37_09_15_Lssn_Lesson_Department_Theology_Death_And_Don_B.txt,"646 LESSON DEPARTMENT Theology: ""Death and Burial"" and ""In the Realm of Departed Spirits"" | Author: Don B. Colton",Don B. Colton,Lesson,37,1950,September,92.08
10,Pioneer Emigration & Journey Stories,0.9184585335664119,961,July_Vol24_54_Guide_Lessons_Lesson_Department.txt,Lesson Department,NA,Guide,24,1937,July,91.85
10,Pioneer Emigration & Journey Stories,0.9175359278689837,5142,V36_01_05_Lssn_Lesson_Departmenttheology_The_Transfiguration_Elder_Don.txt,"50 LESSON DEPARTMENTTheology: ""The Transfiguration"" | Author: Elder Don B. Colton",NA,Lesson,36,1949,January,91.75
10,Pioneer Emigration & Journey Stories,0.9126394489429752,2655,August_Vol29_18_Article_Theology_and_Testimony.txt,Theology and Testimony,NA,Article,29,1942,August,91.26
10,Pioneer Emigration & Journey Stories,0.910155658810255,4795,February_Vol35_20_Guide_Lessons_Lord_of_the_Sabbath_-_The_Chosen_Twelve_Elder_Don_B_Colton.txt,Lord of the Sabbath - The Chosen Twelve,Elder Don B. Colton,Guide,35,1948,February,91.02
10,Pioneer Emigration & Journey Stories,0.9092933397950138,5214,V36_07_15_Art_Jesus_Began_in_Colton.txt,Jesus Began in Colton,Don B. Colton,Article,36,1949,July,90.93
11,Relief Society Magazine Subscription and Correspondence Announcements,0.9263801739528188,5034,September_Vol35_20_Article_The_Family_Picture_Jones.txt,The Family Picture Jones,Ivie H. Jones,Article,35,1948,September,92.64
11,Relief Society Magazine Subscription and Correspondence Announcements,0.8829611265433494,2892,November_Vol29_08_Article_Christmas_at_Aunt_Morrell.txt,Christmas at Aunt Morrell,Jeanette McKay Morrell,Article,29,1942,November,88.3
11,Relief Society Magazine Subscription and Correspondence Announcements,0.8590330564496383,1968,December_Vol27_07_Article_Mrs_Nickerson.txt,Mrs Nickerson,NA,Article,27,1940,December,85.9
11,Relief Society Magazine Subscription and Correspondence Announcements,0.8311355418000966,1085,November_Vol24_12_Article_The_Home_Miner.txt,The Home Miner,Caroline Eyring Miner,Article,24,1937,November,83.11
11,Relief Society Magazine Subscription and Correspondence Announcements,0.8283796875504633,396,April_Vol23_12_Article_The_Rainy_Day_Surprise_Jacobsen.txt,The Rainy Day Surprise Jacobsen,Box Virginia B. Jacobsen,Article,23,1936,April,82.84
11,Relief Society Magazine Subscription and Correspondence Announcements,0.8134313265649471,1048,May_Vol24_09_Article_Glorious_Reid.txt,Glorious Reid,NA,Article,24,1937,May,81.34
11,Relief Society Magazine Subscription and Correspondence Announcements,0.7880984900063714,2978,April_Vol30_14_Article_Mother_Takes_a_Drew.txt,Mother Takes a Drew,Mary Grant Judd,Article,30,1943,April,78.81
11,Relief Society Magazine Subscription and Correspondence Announcements,0.753104473039767,586,June_Vol23_12_Article_Understanding_Our_Jacobsen.txt,Understanding Our Jacobsen,Virginia B. Jacobsen,Article,23,1936,June,75.31
11,Relief Society Magazine Subscription and Correspondence Announcements,0.7325193474458593,480,February_Vol23_02_Article_Gaily_We_do_Work.txt,Gaily We do Work,60 Virginia B. Jacobsen,Article,23,1936,February,73.25
11,Relief Society Magazine Subscription and Correspondence Announcements,0.7305854559173464,1095,November_Vol24_25_Article_Home_Economics_2.txt,Home Economics 2,NA,Article,24,1937,November,73.06
11,Relief Society Magazine Subscription and Correspondence Announcements,0.7285267278844572,3528,October_Vol31_19_Article_Let_Us_Take_the_Time_Maslin.txt,Let Us Take the Time Maslin,Mrs. Margaret E. Maslin,Article,31,1944,October,72.85
11,Relief Society Magazine Subscription and Correspondence Announcements,0.7157583874090868,272,May_Vol22_09_Article_His_Fathers_Stone.txt,His Fathers Stone,Ivy Williams Stone,Article,22,1935,May,71.58
11,Relief Society Magazine Subscription and Correspondence Announcements,0.7117904718573806,235,March_Vol22_11_Article_His_Fathers_Stone.txt,His Fathers Stone,Lydia Burrows,Article,22,1935,March,71.18
11,Relief Society Magazine Subscription and Correspondence Announcements,0.6998569240930748,5,April_Vol22_04_Article_His_Fathers_Stone.txt,His Fathers Stone,Ivy Williams Stone,Article,22,1935,April,69.99
11,Relief Society Magazine Subscription and Correspondence Announcements,0.6982450373621367,929,July_Vol24_04_Article_What_Should_Cox.txt,What Should Cox,Jean Cox,Article,24,1937,July,69.82
11,Relief Society Magazine Subscription and Correspondence Announcements,0.6947852063034466,182,July_Vol22_16_Article_Five_Babes_in_the_Steele.txt,Five Babes in the Steele,Woods C. Frank Steele,Article,22,1935,July,69.48
11,Relief Society Magazine Subscription and Correspondence Announcements,0.6911967854996083,249,March_Vol22_25_Article_Article_by_Ivy_Williams.txt,Article by Ivy Williams,NA,Article,22,1935,March,69.12
11,Relief Society Magazine Subscription and Correspondence Announcements,0.6880022030781072,5577,V37_03_30_Poem_On_Borrowed_Wings.txt,On Borrowed Wings,NA,Poem,37,1950,March,68.8
11,Relief Society Magazine Subscription and Correspondence Announcements,0.6704563315432246,741,September_Vol23_19_Article_Mrs._Bennetts_Baby.txt,Mrs. Bennetts Baby,NA,Article,23,1936,September,67.05
11,Relief Society Magazine Subscription and Correspondence Announcements,0.6669552503704933,5231,V36_06_11_Poem_Selective_Memory_Flynn.txt,Selective Memory Flynn,Clarence Edwin Flynn,Poem,36,1949,June,66.7
11,Relief Society Magazine Subscription and Correspondence Announcements,0.6626982069851487,589,June_Vol23_15_Article_The_Irvine.txt,The Irvine,NA,Article,23,1936,June,66.27
11,Relief Society Magazine Subscription and Correspondence Announcements,0.6582043538386326,96,February_Vol22_03_Article_His_Fathers_Stone.txt,His Fathers Stone,Ivy Williams Stone,Article,22,1935,February,65.82
11,Relief Society Magazine Subscription and Correspondence Announcements,0.6575209135279998,953,July_Vol24_43_Article_Article_by_Beatrice_E_Linford.txt,Article by Beatrice E. Linford,NA,Article,24,1937,July,65.75
11,Relief Society Magazine Subscription and Correspondence Announcements,0.6553370980660153,3573,April_Vol32_14_Poem_To_My_Benedict.txt,To My Benedict,NA,Article,32,1945,April,65.53
11,Relief Society Magazine Subscription and Correspondence Announcements,0.6494135967398127,5633,V37_11_16_Art_Teamwork_Versus_Sl_Norton.txt,Teamwork Versus Sl Norton,Alice Whitson Norton,Article,37,1950,November,64.94
12,Fictional Stories,0.9001404582994913,1350,July_Vol25_22_Guide_Lessons_Literature_The_Advance_of_the_Novel_Le.txt,Literature - The Advance of the Novel - Lesson 1: The Beginnings of the English Novel,NA,Guide,25,1938,July,90.01
12,Fictional Stories,0.8856724948867191,3431,June_Vol31_06_Article_Relief_Contest.txt,Relief Contest,NA,Article,31,1944,June,88.57
12,Fictional Stories,0.8805671209439982,2801,July_Vol29_22_Article_LiteratureWhy_the_Bible.txt,LiteratureWhy the Bible,NA,Article,29,1942,July,88.06
12,Fictional Stories,0.8668771985697501,1351,July_Vol25_23_Guide_Lessons_Literature_The_Advance_of_the_Novel_Le.txt,Literature - The Advance of the Novel - Lesson 1 (continued),NA,Guide,25,1938,July,86.69
12,Fictional Stories,0.8667691605456251,5529,V37_07_24_Fict_The_Story_Of_English_China_Rachel_K.txt,463 The Story of English China | Author: Rachel K. Laurgaard,Rachel K. Laurgaard,Fiction,37,1950,July,86.68
12,Fictional Stories,0.860428650764042,45,August_Vol22_18_Article_Eliza_Contest.txt,Eliza Contest,NA,Article,22,1935,August,86.04
12,Fictional Stories,0.8522483571095352,3114,June_Vol30_13_Poetry_Contest_Contest_Announcements_Contest.txt,Contest Contest Announcements Contest,NA,Poem,30,1943,June,85.22
12,Fictional Stories,0.8379130566271903,2961,September_Vol29_25_Article_LiteratureWhat_the_Is.txt,LiteratureWhat the Is,NA,Article,29,1942,September,83.79
12,Fictional Stories,0.837576805876506,5146,V36_01_09_Poem_Infant_Daughter_of_Burnett.txt,Infant Daughter of Burnett,NA,Poem,36,1949,January,83.76
12,Fictional Stories,0.8301506876771523,1945,August_Vol27_09_Notes_from_Field_Notes_to_the_Field_Eliza_Contest.txt,from Field Notes to the Field Eliza Contest,NA,Notes from Field,27,1940,August,83.02
12,Fictional Stories,0.825147969258419,2653,August_Vol29_16_Article_Three_Styles_or_Textures_Madsen.txt,Three Styles or Textures Madsen,Florence Jepperson Madsen,Article,29,1942,August,82.51
12,Fictional Stories,0.8119868327951304,2002,February_Vol27_19_Article_Music_DepartmentThe_Stephens.txt,Music DepartmentThe Stephens,NA,Article,27,1940,February,81.2
12,Fictional Stories,0.8117594448229575,3430,June_Vol31_05_Article_Contest_Contest.txt,Contest Contest,NA,Article,31,1944,June,81.18
12,Fictional Stories,0.8097557417808497,3674,January_Vol32_03_Article_New_Years_Message_Society.txt,New Years Message Society,NA,Article,32,1945,January,80.98
12,Fictional Stories,0.809489728069575,5219,V36_07_20_Art_Introduction_Jacobs.txt,Introduction Jacobs,Briant S. Jacobs,Article,36,1949,July,80.95
12,Fictional Stories,0.8022219161259291,1773,March_Vol26_24_Article_The_Late_Nineteenth.txt,The Late Nineteenth,NA,Article,26,1939,March,80.22
12,Fictional Stories,0.798985845137784,2378,January_Vol28_03_Article_Eliza_R._Snow_Announcement.txt,Eliza R. Snow Announcement,NA,Article,28,1941,January,79.9
12,Fictional Stories,0.7978981659009348,5525,V37_07_19_Art_LiteratureThe_Lite.txt,LiteratureThe Lite,Velma N. Simonsen,Article,37,1950,July,79.79
12,Fictional Stories,0.7930912061192271,5220,V36_07_21_Art_Literature_The_Lit.txt,Literature The Lit,Vesta P. Crawford,Article,36,1949,July,79.31
12,Fictional Stories,0.7912889038736418,5473,V37_02_21_Art_Literature_John_Mi.txt,Literature John Mi,Briant S. Jacobs,Article,37,1950,February,79.13
12,Fictional Stories,0.7902197476938579,3390,January_Vol31_18_Poem_Night_Ekman.txt,Night,NA,Poem,31,1944,January,79.02
12,Fictional Stories,0.7836158896790274,4432,January_Vol34_05_Article_New_Years_Miner.txt,New Years Miner,Caroline Eyring Miner,Article,34,1947,January,78.36
12,Fictional Stories,0.7780219447829643,4871,June_Vol35_04_Article_For_Makers_of_Culmsee.txt,For Makers of Culmsee,NA,Article,35,1948,June,77.8
12,Fictional Stories,0.7744358001032579,5533,V37_06_06_Poem_On_Building_a_Redd.txt,On Building a Redd,NA,Poem,37,1950,June,77.44
12,Fictional Stories,0.7725581396644567,2454,June_Vol28_15_Poetry_Eliza_Roxey_Snow_Memorial_Poem_Contest.txt,Eliza Roxey Snow Memorial Poem Contest,NA,Poem,28,1941,June,77.26
13,Advertisements,0.9992087903992667,5614,V37_05_25_Art_Magazine_Subscript_Sharp.txt,Magazine Subscript Sharp,Marianne C. Sharp,Article,37,1950,May,99.92
13,Advertisements,0.99920757472936,5286,V36_05_20_Art_From_Near_and.txt,From Near and,NA,Article,36,1949,May,99.92
13,Advertisements,0.9953075312355897,469,December_Vol23_24_Article_Magazine_Drive.txt,Magazine Drive,NA,Article,23,1936,December,99.53
13,Advertisements,0.9939364397929376,3826,November_Vol32_15_Notes_from_Field_Notes_to_the_Field_Societies.txt,from Field Notes to the Field Societies,Blanche B. Stoddard,Notes from Field,32,1945,November,99.39
13,Advertisements,0.9934079109635348,4380,December_Vol34_19_Notes_from_Field_Notes_to_the_Field_Societies.txt,from Field Notes to the Field Societies,NA,Notes from Field,34,1947,December,99.34
13,Advertisements,0.9900601202511157,5250,V36_03_10_Art_Organizations_and.txt,Organizations and,NA,Article,36,1949,March,99.01
13,Advertisements,0.9824923889812381,843,December_Vol24_21_Article_Honor_Roll.txt,Honor Roll,NA,Article,24,1937,December,98.25
13,Advertisements,0.9801463996196329,84,December_Vol22_21_Article_Magazine_Drive.txt,Magazine Drive,NA,Article,22,1935,December,98.01
13,Advertisements,0.9779221188126369,4001,December_Vol33_17_Notes_from_Field_Notes_to_the_Field_Societies.txt,from Field Notes to the Field Societies,NA,Notes from Field,33,1946,December,97.79
13,Advertisements,0.9765572687048348,5178,V36_01_44_Art_Work_MeetingSewing_Jennings.txt,Work MeetingSewing Jennings,Jean Ridges Jennings,Article,36,1949,January,97.66
13,Advertisements,0.9755580216071386,5180,V36_01_46_Art_Visiting_Teachers_Driggs.txt,Visiting Teachers Driggs,Elder H. Wayne Driggs,Article,36,1949,January,97.56
13,Advertisements,0.9704156351348935,4903,March_Vol35_04_Article_Relief_News.txt,Relief News,NA,Article,35,1948,March,97.04
13,Advertisements,0.9585802396626281,876,February_Vol24_24_Poem_Magazine_Drive.txt,Magazine Drive,NA,Poem,24,1937,February,95.86
13,Advertisements,0.9511077017003662,3960,August_Vol33_16_Article_Notes_to_the_Field.txt,Notes to the Field,NA,Article,33,1946,August,95.11
13,Advertisements,0.9504786678232201,5179,V36_01_45_Art_NOTES_FROM_THE.txt,NOTES FROM THE,NA,Article,36,1949,January,95.05
13,Advertisements,0.9483596286778014,1034,March_Vol24_33_Frnt_Frontispiece_Relief_Society_Presidents_Of.txt,Frontispiece—Relief Society Presidents of the European Mission,NA,Frontispiece,24,1937,March,94.84
13,Advertisements,0.9458392687558623,4739,December_Vol35_02_Article_Relief_News.txt,Relief News,NA,Article,35,1948,December,94.58
13,Advertisements,0.9346647574829219,4932,May_Vol35_01_Article_Let_Every_Day_Be_Mothers_Day_Camilla_Eyring_Kimball.txt,SERIAL Chapter,NA,Article,35,1948,May,93.47
13,Advertisements,0.9280133644226196,5379,V37_04_27_Fict_Bazaars_Socials_Si_Pickerin.txt,Bazaars Socials Si Pickerin,Margaret C. Pickering,Fiction,37,1950,April,92.8
13,Advertisements,0.9103301130966224,3859,October_Vol32_15_Notes_from_Field_Notes_to_the_Field_Encouraged.txt,from Field Notes to the Field Encouraged,NA,Notes from Field,32,1945,October,91.03
13,Advertisements,0.9079741955612326,5176,V36_01_42_Art_Notes_to_the.txt,Notes to the,Elder Don B. Colton,Article,36,1949,January,90.8
13,Advertisements,0.9069057305627775,5634,V37_11_17_Art_Notes_From_the.txt,Notes From the,NA,Article,37,1950,November,90.69
13,Advertisements,0.9051372289525238,4522,June_Vol34_23_Notes_from_Field_Notes_From_the_Field_Pickering.txt,from Field Notes From the Field Pickering,Margaret C. Pickering,Notes from Field,34,1947,June,90.51
13,Advertisements,0.9015271146812269,1252,December_Vol25_17_Article_Magazine_Honor_Roll.txt,Magazine Honor Roll,NA,Article,25,1938,December,90.15
13,Advertisements,0.8920777534598748,4714,August_Vol35_08_Article_Petition_Miles.txt,Petition Miles,Eunice J. Miles,Article,35,1948,August,89.21
14,Literature and Poetry,0.9908998260932352,4133,June_Vol33_06_Article_The_Settlement_of_Jensen.txt,The Settlement of Jensen,NA,Article,33,1946,June,99.09
14,Literature and Poetry,0.9763326341202602,3943,August_Vol33_03_Article_Cache_Valley_Part_of_the_Miner.txt,Cache Valley Part of the Miner,Caroline Eyring Miner,Article,33,1946,August,97.63
14,Literature and Poetry,0.9620973815418705,4644,October_Vol34_27_Poem_Storm_and_Ekman.txt,Storm and,Beatrice K. Ekman,Poem,34,1947,October,96.21
14,Literature and Poetry,0.9471567145991189,4295,April_Vol34_04_Article_Latter-day_Saint_Thomas.txt,Latter-day Saint Thomas,NA,Article,34,1947,April,94.72
14,Literature and Poetry,0.9441024031018975,3968,August_Vol33_21_Article_Irrigation_Leitner.txt,Irrigation Leitner,Della Adams Leitner,Article,33,1946,August,94.41
14,Literature and Poetry,0.931476261630911,3974,August_Vol33_27_GenFt_Notes_From_The_Field_General.txt,Notes From The Field General,Margaret C. Pickering,General Feature,33,1946,August,93.15
14,Literature and Poetry,0.9140400639788893,3471,May_Vol31_13_Poem_The_First_Madsen.txt,The First Madsen,Abbie R. Madsen,Article,31,1944,May,91.4
14,Literature and Poetry,0.910336348796363,4540,March_Vol34_14_Article_Pioneer_Stories_and_Lyman.txt,Pioneer Stories and Lyman,President Amy Brown Lyman,Article,34,1947,March,91.03
14,Literature and Poetry,0.9096100523289451,3422,July_Vol31_Misc_cont_08.txt,08,NA,Article,31,1944,July,90.96
14,Literature and Poetry,0.9028700895904138,4868,June_Vol35_01_Article_Women_and_Narcotics_Elder_Joseph_F_Merrill.txt,SERIAL Chapter,NA,Article,35,1948,June,90.29
14,Literature and Poetry,0.9008065882077075,4875,June_Vol35_08_Article_The_Latter-day_Saints_in_Heath.txt,The Latter-day Saints in Heath,NA,Article,35,1948,June,90.08
14,Literature and Poetry,0.8721825711552839,4127,July_Vol33_Misc_cont_14.txt,14,NA,Article,33,1946,July,87.22
14,Literature and Poetry,0.8521606571817014,3881,September_Vol32_08_Article_Sixty_Years_Ago.txt,Sixty Years Ago,NA,Article,32,1945,September,85.22
14,Literature and Poetry,0.8501145412098668,4621,October_Vol34_02_Article_Photograph_by_Willard_Ed.txt,Photograph by Willard Ed,NA,Article,34,1947,October,85.01
14,Literature and Poetry,0.830849415035501,1196,April_Vol25_29_Article_Little_Things.txt,Little Things,NA,Article,25,1938,April,83.08
14,Literature and Poetry,0.8270094365131327,2064,July_Vol27_24_Article_Relief_Assignment.txt,Relief Assignment,NA,Article,27,1940,July,82.7
14,Literature and Poetry,0.8210584952902447,4157,June_Vol33_Misc_cont_19.txt,19,NA,Article,33,1946,June,82.11
14,Literature and Poetry,0.8139858427088178,4247,October_Vol33_05_Article_The_Meaning_of_Fjeldsted.txt,The Meaning of Fjeldsted,Evelyn Fjeldsted,Article,33,1946,October,81.4
14,Literature and Poetry,0.7893948385620823,4301,April_Vol34_10_Article_Pioneer_Stories_and_Lyman.txt,Pioneer Stories and Lyman,President Amy Brown Lyman,Article,34,1947,April,78.94
14,Literature and Poetry,0.7882070643914402,3145,March_Vol30_08_Article_Crossing_the_River_into_Nelson.txt,Crossing the River into Nelson,NA,Article,30,1943,March,78.82
14,Literature and Poetry,0.7863426873807062,5060,V36_04_11_Art_Grantsville_and_th_Wrathall.txt,Grantsville and th Wrathall,Norma Wrathall,Article,36,1949,April,78.63
14,Literature and Poetry,0.7832091533919034,4145,June_Vol33_18_Article_Summer_Stewart.txt,Summer Stewart,Margery S. Stewart,Article,33,1946,June,78.32
14,Literature and Poetry,0.7800710098567619,3588,August_Vol32_02_Article_Missions_to_the_Indians_Lund.txt,Missions to the Indians Lund,Elder A. William Lund,Article,32,1945,August,78.01
14,Literature and Poetry,0.7785083043610281,4095,July_Vol33_04_Article_Pioneer_Stories_and_Lyman.txt,Pioneer Stories and Lyman,President Amy Brown Lyman,Article,33,1946,July,77.85
14,Literature and Poetry,0.7758998446961726,4347,August_Vol34_26_Poem_Our_Sayre.txt,Our,NA,Poem,34,1947,August,77.59
15,Relief Society Initiatives and Programs,0.9928788566795138,5401,V37_08_18_Fict_Dark_in_the_Bailey.txt,Dark in the Bailey,Alice Morrey Bailey,Fiction,37,1950,August,99.29
15,Relief Society Initiatives and Programs,0.9927399047449048,5376,V37_04_23_Fict_Dark_in_the_Bailey.txt,Dark in the Bailey,Alice Morrey Bailey,Fiction,37,1950,April,99.27
15,Relief Society Initiatives and Programs,0.9897680860425169,1763,March_Vol26_14_Article_The_Shining_Heart_Bowen.txt,The Shining Heart Bowen,NA,Article,26,1939,March,98.98
15,Relief Society Initiatives and Programs,0.9896227990522711,1854,October_Vol26_16_Article_The_Shining_Heart_Bowen.txt,The Shining Heart Bowen,(Concluded) Sibyl S. Bowen,Article,26,1939,October,98.96
15,Relief Society Initiatives and Programs,0.982154960791172,1783,May_Vol26_07_Article_The_Shining_Heart_Bowen.txt,The Shining Heart Bowen,NA,Article,26,1939,May,98.22
15,Relief Society Initiatives and Programs,0.9820369088995506,5505,V37_01_30_Lssn_Visiting_Teacher_Messages_Nevertheless_Not.txt,"48 Visiting Teacher Messages: ""Nevertheless Not My Will, but Thine Be Done"" Mary Grant Judd",Mary Grant Judd,Lesson,37,1950,January,98.2
15,Relief Society Initiatives and Programs,0.9815615884719155,5597,V37_05_06_Art_Skirt_Hangers_In_A_Jiffy_Rachel_K.txt,321 Skirt Hangers in a Jiffy | Author: Rachel K. Laurgaard,Rachel K. Laurgaard,Article,37,1950,May,98.16
15,Relief Society Initiatives and Programs,0.9810853600895719,1560,April_Vol26_20_Article_The_Shining_Heart_Bowen.txt,The Shining Heart Bowen,NA,Article,26,1939,April,98.11
15,Relief Society Initiatives and Programs,0.97397034650891,5649,V37_10_06_Fict_Home_Is_Where_Burt.txt,Home Is Where Burt,Olive Woolley Burt,Fiction,37,1950,October,97.4
15,Relief Society Initiatives and Programs,0.97160953502258,5278,V36_05_12_Fict_JoannaChapter_5_Stewart.txt,JoannaChapter 5 Stewart,Margery S. Stewart,Fiction,36,1949,May,97.16
15,Relief Society Initiatives and Programs,0.9704481707449741,5209,V36_07_10_Fict_The_Jumpher_Family_Sutherla.txt,The Jumpher Family Sutherla,Deone R. Sutherland,Fiction,36,1949,July,97.04
15,Relief Society Initiatives and Programs,0.9673049549109876,1587,August_Vol26_16_Article_The_Shining_Bowen.txt,The Shining Bowen,NA,Article,26,1939,August,96.73
15,Relief Society Initiatives and Programs,0.9522492244229573,1882,September_Vol26_17_Article_Sibyl_Spande_Bowen.txt,Sibyl Spande Bowen,NA,Article,26,1939,September,95.22
15,Relief Society Initiatives and Programs,0.9518796969779044,5208,V36_07_09_Fict_JoannaChapter_7_Stewart.txt,JoannaChapter 7 Stewart,Margery S. Stewart,Fiction,36,1949,July,95.19
15,Relief Society Initiatives and Programs,0.9516509985137053,3727,July_Vol32_23_Article_Olive_Woolley_Burt.txt,Olive Woolley Burt,NA,Article,32,1945,July,95.17
15,Relief Society Initiatives and Programs,0.9516280198736153,1734,June_Vol26_18_Article_The_Shining_Bowen.txt,The Shining Bowen,Heart Sibyl S. Bowen,Article,26,1939,June,95.16
15,Relief Society Initiatives and Programs,0.9503707653713549,3832,November_Vol32_21_Article_And_For_Eternity_Chapter_Burt.txt,And For Eternity Chapter Burt,Olive Woolley Burt,Article,32,1945,November,95.04
15,Relief Society Initiatives and Programs,0.946658650576741,5076,V36_08_11_Fict_The_Jumpher_Family_Sutherla.txt,The Jumpher Family Sutherla,Deone R. Sutherland,Fiction,36,1949,August,94.67
15,Relief Society Initiatives and Programs,0.9426536632472673,5483,V37_01_06_Art_A_Banner_From_Mother_Clara.txt,16 A Banner From Mother Clara Horne Park,Clara Horne Park,Article,37,1950,January,94.27
15,Relief Society Initiatives and Programs,0.9308386888851169,4252,October_Vol33_11_Article_The_Stewart.txt,The Stewart,Margery S. Stewart,Article,33,1946,October,93.08
15,Relief Society Initiatives and Programs,0.9294973442735388,5239,V36_06_19_Fict_JoannaChapter_6_Stewart.txt,JoannaChapter 6 Stewart,Margery S. Stewart,Fiction,36,1949,June,92.95
15,Relief Society Initiatives and Programs,0.9270680018589527,1635,February_Vol26_04_Article_Evelyn_Wilde_Heart.txt,Evelyn Wilde Heart,NA,Article,26,1939,February,92.71
15,Relief Society Initiatives and Programs,0.9120599952403535,3747,June_Vol32_10_Article_And_For_Eternity_Chapter_Burt.txt,And For Eternity Chapter Burt,Olive Woolley Burt,Article,32,1945,June,91.21
15,Relief Society Initiatives and Programs,0.9082450720379107,1703,July_Vol26_14_Article_The_Shining_Bowen.txt,The Shining Bowen,Heart Sibyl S. Bowen,Article,26,1939,July,90.82
15,Relief Society Initiatives and Programs,0.9070357378620203,5548,V37_06_21_Fict_Dark_in_the_Bailey.txt,Dark in the Bailey,Alice Morrey Bailey,Fiction,37,1950,June,90.7
